T,frame,chi,state,cluster,cluster_name
25,0,64.80466216450704,S1,2,Gln132 pocket
25,1,91.30524011454098,S1,2,Gln132 pocket
25,2,21.99668202126286,other,2,Gln132 pocket
25,3,6.969736554636745,other,2,Gln132 pocket
25,4,42.4365622038437,other,2,Gln132 pocket
25,5,36.33950517565633,other,1,loose / exposed
25,6,33.05949993178203,other,2,Gln132 pocket
25,7,34.22254948448004,other,2,Gln132 pocket
25,8,24.42151788127224,other,2,Gln132 pocket
25,9,1.7951448762046216,other,2,Gln132 pocket
25,10,34.787519169047755,other,2,Gln132 pocket
25,11,49.9013260350812,other,2,Gln132 pocket
25,12,59.289493571456816,S1,2,Gln132 pocket
25,13,35.61218357488541,other,2,Gln132 pocket
25,14,34.47466108516512,other,2,Gln132 pocket
25,15,53.67660588848204,S1,2,Gln132 pocket
25,16,30.49458745458135,other,2,Gln132 pocket
25,17,50.256223726989425,S1,2,Gln132 pocket
25,18,45.72223507847843,other,2,Gln132 pocket
25,19,73.85965314560256,S1,2,Gln132 pocket
25,20,43.82160575884214,other,1,loose / exposed
25,21,47.794445203826335,other,2,Gln132 pocket
25,22,43.40263650568638,other,2,Gln132 pocket
25,23,4.329829554047535,other,2,Gln132 pocket
25,24,43.013017735582366,other,2,Gln132 pocket
25,25,77.07376542152493,S1,2,Gln132 pocket
25,26,75.84809966401735,S1,2,Gln132 pocket
25,27,49.83752477626139,other,2,Gln132 pocket
25,28,62.681902471444275,S1,2,Gln132 pocket
25,29,50.2562444328134,S1,2,Gln132 pocket
25,30,81.3305674918949,S1,2,Gln132 pocket
25,31,52.35705516156186,S1,2,Gln132 pocket
25,32,53.53267706635483,S1,1,loose / exposed
25,33,23.871674298589717,other,2,Gln132 pocket
25,34,28.553935079036183,other,2,Gln132 pocket
25,35,76.88138790792698,S1,2,Gln132 pocket
25,36,69.57659840375308,S1,2,Gln132 pocket
25,37,82.55227494145464,S1,2,Gln132 pocket
25,38,77.59518456831763,S1,2,Gln132 pocket
25,39,75.44285422621049,S1,2,Gln132 pocket
25,40,74.76481935429685,S1,2,Gln132 pocket
25,41,90.40392090272773,S1,2,Gln132 pocket
25,42,89.52908254412696,S1,2,Gln132 pocket
25,43,85.10173283536089,S1,2,Gln132 pocket
25,44,78.53177969470359,S1,2,Gln132 pocket
25,45,98.17903413206942,S1,2,Gln132 pocket
25,46,64.89787886397802,S1,2,Gln132 pocket
25,47,64.93117945964337,S1,2,Gln132 pocket
25,48,45.26139753390569,other,2,Gln132 pocket
25,49,70.59679766181728,S1,2,Gln132 pocket
25,50,63.59504805622779,S1,2,Gln132 pocket
25,51,39.49521923650724,other,2,Gln132 pocket
25,52,59.704014166015675,S1,2,Gln132 pocket
25,53,63.16240098586635,S1,2,Gln132 pocket
25,54,59.88433037809553,S1,2,Gln132 pocket
25,55,17.461717382567123,other,2,Gln132 pocket
25,56,23.780812890065395,other,1,loose / exposed
25,57,35.39013118033655,other,1,loose / exposed
25,58,9.4282542252105,other,1,loose / exposed
25,59,15.988550697966353,other,1,loose / exposed
25,60,61.893840666351956,S1,2,Gln132 pocket
25,61,66.95192575409276,S1,2,Gln132 pocket
25,62,42.16382451893017,other,2,Gln132 pocket
25,63,89.36616170854047,S1,1,loose / exposed
25,64,89.06454517035334,S1,1,loose / exposed
25,65,91.93142672775325,S1,1,loose / exposed
25,66,101.18339795136751,S1,1,loose / exposed
25,67,93.26981942639132,S1,1,loose / exposed
25,68,77.45048980130127,S1,1,loose / exposed
25,69,89.91274524255049,S1,1,loose / exposed
25,70,74.30465063821482,S1,1,loose / exposed
25,71,74.06513440302899,S1,1,loose / exposed
25,72,88.8921969163495,S1,1,loose / exposed
25,73,74.84126156042161,S1,1,loose / exposed
25,74,82.57854842155018,S1,1,loose / exposed
25,75,79.86265985212262,S1,1,loose / exposed
25,76,98.2688681562729,S1,1,loose / exposed
25,77,71.82399103006671,S1,1,loose / exposed
25,78,79.30931451886413,S1,1,loose / exposed
25,79,66.60409322271931,S1,1,loose / exposed
25,80,68.25182431447385,S1,1,loose / exposed
25,81,80.88266342822833,S1,1,loose / exposed
25,82,88.3594787902364,S1,1,loose / exposed
25,83,76.86594059627953,S1,1,loose / exposed
25,84,73.7845485320312,S1,1,loose / exposed
25,85,89.6375645431212,S1,1,loose / exposed
25,86,78.34284106017661,S1,1,loose / exposed
25,87,77.0218110249094,S1,1,loose / exposed
25,88,98.11660177704562,S1,1,loose / exposed
25,89,86.00450562254608,S1,1,loose / exposed
25,90,78.62394250465994,S1,1,loose / exposed
25,91,75.09217138489453,S1,1,loose / exposed
25,92,89.78649097750625,S1,1,loose / exposed
25,93,83.59522307911033,S1,1,loose / exposed
25,94,76.41110317750655,S1,1,loose / exposed
25,95,99.35884642614973,S1,1,loose / exposed
25,96,85.66645776278952,S1,1,loose / exposed
25,97,74.07950862215415,S1,1,loose / exposed
25,98,84.83737844743368,S1,1,loose / exposed
25,99,86.06565105627217,S1,1,loose / exposed
25,100,85.55905468566009,S1,1,loose / exposed
25,101,91.65514879717976,S1,1,loose / exposed
25,102,84.44614710632177,S1,1,loose / exposed
25,103,92.64205175866171,S1,3,Lys face
25,104,82.78419465301626,S1,1,loose / exposed
25,105,98.1785862795352,S1,1,loose / exposed
25,106,81.6665151396834,S1,1,loose / exposed
25,107,94.11798345357684,S1,1,loose / exposed
25,108,95.82354212533791,S1,3,Lys face
25,109,71.69109315199618,S1,3,Lys face
25,110,79.38684936261231,S1,3,Lys face
25,111,96.30337996161661,S1,1,loose / exposed
25,112,76.03655971213324,S1,1,loose / exposed
25,113,88.00783522156344,S1,1,loose / exposed
25,114,82.09701610159125,S1,1,loose / exposed
25,115,97.00979174102385,S1,1,loose / exposed
25,116,84.66685653262087,S1,1,loose / exposed
25,117,102.39550608610189,S1,1,loose / exposed
25,118,86.29583264612826,S1,1,loose / exposed
25,119,100.77788954537779,S1,1,loose / exposed
25,120,87.93544766941238,S1,1,loose / exposed
25,121,90.21625032027636,S1,1,loose / exposed
25,122,87.044058627451,S1,1,loose / exposed
25,123,97.46278301504006,S1,1,loose / exposed
25,124,75.20289324441737,S1,1,loose / exposed
25,125,92.42020770106633,S1,1,loose / exposed
25,126,86.50777117190911,S1,1,loose / exposed
25,127,88.73882432091762,S1,1,loose / exposed
25,128,85.71522442973809,S1,1,loose / exposed
25,129,94.57671109560502,S1,1,loose / exposed
25,130,90.30706342038184,S1,1,loose / exposed
25,131,89.68284710391443,S1,1,loose / exposed
25,132,86.22028981655573,S1,1,loose / exposed
25,133,92.4208976818915,S1,1,loose / exposed
25,134,83.3324990653663,S1,1,loose / exposed
25,135,58.369080464918696,S1,1,loose / exposed
25,136,82.46474552021758,S1,1,loose / exposed
25,137,94.84590979288683,S1,1,loose / exposed
25,138,73.69631925821328,S1,1,loose / exposed
25,139,87.30679868404626,S1,1,loose / exposed
25,140,73.35101696583058,S1,1,loose / exposed
25,141,76.91048777378633,S1,1,loose / exposed
25,142,78.16738915888672,S1,1,loose / exposed
25,143,93.75265073464791,S1,1,loose / exposed
25,144,96.00862992209812,S1,1,loose / exposed
25,145,111.4938649069017,S1,1,loose / exposed
25,146,95.42480210209544,S1,1,loose / exposed
25,147,87.9974949276241,S1,1,loose / exposed
25,148,49.50810998700743,other,1,loose / exposed
25,149,99.22455268381935,S1,1,loose / exposed
25,150,43.61333925055001,other,1,loose / exposed
25,151,81.941646027533,S1,1,loose / exposed
25,152,78.94671238765856,S1,1,loose / exposed
25,153,77.51030564694335,S1,1,loose / exposed
25,154,102.8813363408224,S1,1,loose / exposed
25,155,85.21039663586369,S1,1,loose / exposed
25,156,50.66649317001352,S1,1,loose / exposed
25,157,60.459753939570604,S1,1,loose / exposed
25,158,74.65148001149757,S1,1,loose / exposed
25,159,87.97556242470264,S1,1,loose / exposed
25,160,51.66637103672902,S1,1,loose / exposed
25,161,52.205080906918624,S1,1,loose / exposed
25,162,53.08069699139489,S1,1,loose / exposed
25,163,96.10150033139831,S1,1,loose / exposed
25,164,80.20171166326232,S1,1,loose / exposed
25,165,68.6974219150445,S1,1,loose / exposed
25,166,80.79466716785724,S1,1,loose / exposed
25,167,62.85896611576737,S1,1,loose / exposed
25,168,88.40545093410961,S1,1,loose / exposed
25,169,74.64801182302175,S1,1,loose / exposed
25,170,73.2620511483675,S1,1,loose / exposed
25,171,91.30990984400938,S1,1,loose / exposed
25,172,97.69885955954855,S1,1,loose / exposed
25,173,97.60697935110028,S1,1,loose / exposed
25,174,86.76316928397638,S1,1,loose / exposed
25,175,92.41906995704487,S1,1,loose / exposed
25,176,85.70001459179302,S1,1,loose / exposed
25,177,104.16667308484786,S1,1,loose / exposed
25,178,76.81260290892594,S1,1,loose / exposed
25,179,83.7007603166708,S1,1,loose / exposed
25,180,94.90411681448019,S1,1,loose / exposed
25,181,80.11927160775318,S1,1,loose / exposed
25,182,92.24888601896785,S1,3,Lys face
25,183,84.29763040037813,S1,3,Lys face
25,184,93.99988919596213,S1,1,loose / exposed
25,185,96.96002555260272,S1,1,loose / exposed
25,186,95.1061413159708,S1,1,loose / exposed
25,187,85.63153218649039,S1,1,loose / exposed
25,188,84.94676486884256,S1,1,loose / exposed
25,189,80.15491677561836,S1,1,loose / exposed
25,190,78.50225307731318,S1,1,loose / exposed
25,191,93.7991034814063,S1,1,loose / exposed
25,192,91.96062081018474,S1,1,loose / exposed
25,193,93.96687243580185,S1,1,loose / exposed
25,194,88.47026505048875,S1,1,loose / exposed
25,195,70.86956930624088,S1,1,loose / exposed
25,196,86.97060810593015,S1,3,Lys face
25,197,97.95323307543299,S1,1,loose / exposed
25,198,93.67140708666193,S1,1,loose / exposed
25,199,91.53213037447816,S1,1,loose / exposed
25,200,93.16072695444201,S1,1,loose / exposed
25,201,96.79342223077738,S1,1,loose / exposed
25,202,105.37569111599285,S1,1,loose / exposed
25,203,94.27953316599758,S1,1,loose / exposed
25,204,99.55510418134342,S1,1,loose / exposed
25,205,76.91021485524932,S1,1,loose / exposed
25,206,102.16639087188096,S1,1,loose / exposed
25,207,93.89018244347733,S1,1,loose / exposed
25,208,88.92071902282663,S1,1,loose / exposed
25,209,89.50056835681868,S1,3,Lys face
25,210,91.39237164465159,S1,1,loose / exposed
25,211,86.54616402797656,S1,1,loose / exposed
25,212,92.84040564908348,S1,1,loose / exposed
25,213,112.07831916776905,S1,3,Lys face
25,214,83.40222975380665,S1,1,loose / exposed
25,215,82.90263027641667,S1,1,loose / exposed
25,216,96.96837787402987,S1,1,loose / exposed
25,217,82.66847294584825,S1,1,loose / exposed
25,218,92.63251720407287,S1,1,loose / exposed
25,219,86.3457733939234,S1,1,loose / exposed
25,220,78.07037198992585,S1,1,loose / exposed
25,221,84.46650371000682,S1,1,loose / exposed
25,222,81.32644506443111,S1,1,loose / exposed
25,223,97.75681319440598,S1,1,loose / exposed
25,224,78.55052956717797,S1,1,loose / exposed
25,225,99.39337863913198,S1,1,loose / exposed
25,226,93.84327957730548,S1,1,loose / exposed
25,227,80.57403020189898,S1,1,loose / exposed
25,228,76.4822947242605,S1,1,loose / exposed
25,229,95.5462306984987,S1,1,loose / exposed
25,230,75.88982031036986,S1,1,loose / exposed
25,231,71.2113092206176,S1,3,Lys face
25,232,83.28956880408096,S1,1,loose / exposed
25,233,91.30566707747113,S1,1,loose / exposed
25,234,88.69376352083901,S1,1,loose / exposed
25,235,93.59340837674033,S1,1,loose / exposed
25,236,84.3820180966807,S1,1,loose / exposed
25,237,92.42655830845005,S1,1,loose / exposed
25,238,91.3223817808577,S1,1,loose / exposed
25,239,101.18949936607021,S1,1,loose / exposed
25,240,71.46343442591811,S1,1,loose / exposed
25,241,84.93640416198518,S1,1,loose / exposed
25,242,79.77568025281914,S1,1,loose / exposed
25,243,92.54332387941486,S1,1,loose / exposed
25,244,90.09493760869793,S1,1,loose / exposed
25,245,72.67669183680403,S1,1,loose / exposed
25,246,80.62052095059079,S1,1,loose / exposed
25,247,94.54133354682949,S1,1,loose / exposed
25,248,80.96700441042373,S1,1,loose / exposed
25,249,72.27474902191759,S1,1,loose / exposed
25,250,82.96565788460974,S1,1,loose / exposed
25,251,93.1510765696972,S1,1,loose / exposed
25,252,78.79882809591054,S1,1,loose / exposed
25,253,86.17759012803448,S1,1,loose / exposed
25,254,68.08275644689223,S1,1,loose / exposed
25,255,83.51895033838068,S1,1,loose / exposed
25,256,86.3806944382047,S1,1,loose / exposed
25,257,82.03230741848597,S1,1,loose / exposed
25,258,88.48583348576373,S1,1,loose / exposed
25,259,80.34512371342218,S1,1,loose / exposed
25,260,79.64685676611371,S1,1,loose / exposed
25,261,72.11898448797807,S1,1,loose / exposed
25,262,85.31026158756899,S1,1,loose / exposed
25,263,73.51946352895958,S1,1,loose / exposed
25,264,85.18761616986635,S1,1,loose / exposed
25,265,80.14220327826166,S1,1,loose / exposed
25,266,73.0977942893312,S1,1,loose / exposed
25,267,95.04733943891745,S1,1,loose / exposed
25,268,82.21353769650082,S1,3,Lys face
25,269,83.96218546174502,S1,3,Lys face
25,270,84.18566707287081,S1,3,Lys face
25,271,95.52269034623637,S1,3,Lys face
25,272,103.14013347650422,S1,3,Lys face
25,273,82.95947854219003,S1,3,Lys face
25,274,108.77277905809159,S1,1,loose / exposed
25,275,89.06244490786725,S1,3,Lys face
25,276,81.67254211775733,S1,1,loose / exposed
25,277,80.98618578458354,S1,1,loose / exposed
25,278,103.32196823398327,S1,3,Lys face
25,279,85.31385339547064,S1,1,loose / exposed
25,280,96.05369953517233,S1,1,loose / exposed
25,281,77.42023177829415,S1,3,Lys face
25,282,92.24503875657969,S1,1,loose / exposed
25,283,97.45547818085068,S1,1,loose / exposed
25,284,81.78377522577962,S1,3,Lys face
25,285,106.17497787993157,S1,3,Lys face
25,286,97.62107927443458,S1,3,Lys face
25,287,93.2163986616866,S1,3,Lys face
25,288,85.7515107662759,S1,3,Lys face
25,289,92.1788633545647,S1,1,loose / exposed
25,290,98.28516876201778,S1,1,loose / exposed
25,291,78.08230688965392,S1,1,loose / exposed
25,292,110.28656900750498,S1,3,Lys face
25,293,91.93542413993045,S1,1,loose / exposed
25,294,109.5235597517566,S1,1,loose / exposed
25,295,91.42215943895728,S1,3,Lys face
25,296,100.56231210284993,S1,3,Lys face
25,297,92.94849326760827,S1,1,loose / exposed
25,298,73.71340421636218,S1,1,loose / exposed
25,299,97.35961693274545,S1,1,loose / exposed
25,300,99.44166473127996,S1,1,loose / exposed
25,301,92.34960689233829,S1,1,loose / exposed
25,302,84.73198564474689,S1,1,loose / exposed
25,303,89.52521306083102,S1,1,loose / exposed
25,304,94.76628270528946,S1,1,loose / exposed
25,305,97.55523447770997,S1,1,loose / exposed
25,306,100.13191985628741,S1,1,loose / exposed
25,307,78.44642276108526,S1,1,loose / exposed
25,308,86.27312988651808,S1,1,loose / exposed
25,309,85.55356945817859,S1,3,Lys face
25,310,88.72627600928537,S1,1,loose / exposed
25,311,78.67813524546,S1,1,loose / exposed
25,312,92.54546019725841,S1,1,loose / exposed
25,313,82.62319083329568,S1,1,loose / exposed
25,314,84.78349138646972,S1,3,Lys face
25,315,74.4635348380726,S1,1,loose / exposed
25,316,97.81102083907703,S1,1,loose / exposed
25,317,95.4111301526859,S1,1,loose / exposed
25,318,82.14682378507977,S1,1,loose / exposed
25,319,108.76401983368368,S1,1,loose / exposed
25,320,77.13759055760721,S1,1,loose / exposed
25,321,80.29904469613639,S1,1,loose / exposed
25,322,96.87989851977778,S1,1,loose / exposed
25,323,91.35308553834155,S1,1,loose / exposed
25,324,84.30538525152605,S1,1,loose / exposed
25,325,83.07975434137823,S1,1,loose / exposed
25,326,111.16503239815292,S1,3,Lys face
25,327,101.99293778910453,S1,1,loose / exposed
25,328,98.64566343788051,S1,1,loose / exposed
25,329,86.66062712150412,S1,1,loose / exposed
25,330,85.31452237284303,S1,1,loose / exposed
25,331,89.39627234711156,S1,1,loose / exposed
25,332,86.30357593037748,S1,1,loose / exposed
25,333,87.79171245795028,S1,1,loose / exposed
25,334,82.97375042609902,S1,1,loose / exposed
25,335,101.62983434149051,S1,1,loose / exposed
25,336,82.18689502950154,S1,1,loose / exposed
25,337,80.98128183379136,S1,1,loose / exposed
25,338,81.98888780442262,S1,1,loose / exposed
25,339,76.87901426665262,S1,1,loose / exposed
25,340,102.9690578281622,S1,1,loose / exposed
25,341,86.71015524122971,S1,1,loose / exposed
25,342,83.89141668563174,S1,1,loose / exposed
25,343,85.20834793397223,S1,1,loose / exposed
25,344,106.89378246978094,S1,1,loose / exposed
25,345,84.88124302691904,S1,1,loose / exposed
25,346,74.18893990962803,S1,1,loose / exposed
25,347,81.18948066573826,S1,1,loose / exposed
25,348,80.15953518193692,S1,1,loose / exposed
25,349,77.02258667388156,S1,1,loose / exposed
25,350,97.64888156635463,S1,1,loose / exposed
25,351,100.30486533917166,S1,3,Lys face
25,352,86.78548098691766,S1,3,Lys face
25,353,86.64223614639316,S1,1,loose / exposed
25,354,79.22080988328833,S1,1,loose / exposed
25,355,68.60635543611163,S1,1,loose / exposed
25,356,102.16186544781226,S1,1,loose / exposed
25,357,79.25373658520903,S1,3,Lys face
25,358,96.28222971729755,S1,3,Lys face
25,359,88.51342177420898,S1,3,Lys face
25,360,97.3038449614456,S1,3,Lys face
25,361,87.39910041609936,S1,3,Lys face
25,362,97.53356931574066,S1,3,Lys face
25,363,89.9955251261754,S1,3,Lys face
25,364,88.69175238832779,S1,3,Lys face
25,365,91.06824356494981,S1,3,Lys face
25,366,100.06637318909749,S1,1,loose / exposed
25,367,91.95322464625808,S1,1,loose / exposed
25,368,94.75656663899518,S1,1,loose / exposed
25,369,107.85195423879567,S1,3,Lys face
25,370,100.23550022907844,S1,3,Lys face
25,371,97.97622510924964,S1,1,loose / exposed
25,372,95.94835059456422,S1,3,Lys face
25,373,96.28992801557426,S1,3,Lys face
25,374,88.72113142003603,S1,3,Lys face
25,375,101.15089763590917,S1,3,Lys face
25,376,106.65587767925176,S1,1,loose / exposed
25,377,98.070648302846,S1,1,loose / exposed
25,378,83.86449320446334,S1,3,Lys face
25,379,103.72442415736728,S1,1,loose / exposed
25,380,86.91058505979981,S1,3,Lys face
25,381,88.14876069232382,S1,3,Lys face
25,382,72.92056046691945,S1,3,Lys face
25,383,107.60647381465827,S1,3,Lys face
25,384,99.23133111394097,S1,1,loose / exposed
25,385,102.74048386426612,S1,3,Lys face
25,386,107.55195918026506,S1,1,loose / exposed
25,387,101.04801994681387,S1,3,Lys face
25,388,95.41880587680963,S1,1,loose / exposed
25,389,93.00051437125084,S1,1,loose / exposed
25,390,110.5437190853834,S1,1,loose / exposed
25,391,101.29491972484828,S1,3,Lys face
25,392,95.58011312956822,S1,1,loose / exposed
25,393,99.5353856224708,S1,1,loose / exposed
25,394,99.19543280556671,S1,1,loose / exposed
25,395,93.89550513186371,S1,1,loose / exposed
25,396,108.2707526082528,S1,1,loose / exposed
25,397,85.59329357292349,S1,1,loose / exposed
25,398,84.41054336990489,S1,1,loose / exposed
25,399,79.45229894772086,S1,1,loose / exposed
25,400,72.36070721935542,S1,1,loose / exposed
25,401,98.79405594270654,S1,1,loose / exposed
25,402,98.2441738911935,S1,1,loose / exposed
25,403,105.01073729046489,S1,1,loose / exposed
25,404,99.45700415304563,S1,1,loose / exposed
25,405,95.88311407619202,S1,3,Lys face
25,406,90.16209451608884,S1,1,loose / exposed
25,407,93.98613060873905,S1,1,loose / exposed
25,408,89.76798093277074,S1,1,loose / exposed
25,409,83.40914143357226,S1,3,Lys face
25,410,113.52518517967579,S1,1,loose / exposed
25,411,91.03730643866967,S1,3,Lys face
25,412,82.63150782666627,S1,3,Lys face
25,413,85.50927595333901,S1,1,loose / exposed
25,414,92.29821747760032,S1,3,Lys face
25,415,89.50136435416836,S1,3,Lys face
25,416,98.90070498872997,S1,3,Lys face
25,417,95.4988039424694,S1,3,Lys face
25,418,106.11908457044292,S1,1,loose / exposed
25,419,92.844774855347,S1,3,Lys face
25,420,98.46051504966329,S1,3,Lys face
25,421,87.38189024938859,S1,1,loose / exposed
25,422,72.98085687228212,S1,1,loose / exposed
25,423,93.27746429136364,S1,1,loose / exposed
25,424,86.59449861375231,S1,3,Lys face
25,425,89.56791034914778,S1,3,Lys face
25,426,93.39333038494239,S1,1,loose / exposed
25,427,84.85967358335222,S1,1,loose / exposed
25,428,88.3465500778218,S1,1,loose / exposed
25,429,86.92057784923942,S1,3,Lys face
25,430,104.86985614172752,S1,1,loose / exposed
25,431,104.39213682349734,S1,3,Lys face
25,432,97.62850424297447,S1,1,loose / exposed
25,433,108.56448495707316,S1,3,Lys face
25,434,92.59854648525686,S1,1,loose / exposed
25,435,101.0898176042239,S1,1,loose / exposed
25,436,99.87612266097098,S1,1,loose / exposed
25,437,89.35753082112753,S1,1,loose / exposed
25,438,80.3689737041597,S1,1,loose / exposed
25,439,89.69652056406974,S1,1,loose / exposed
25,440,105.06753041763187,S1,1,loose / exposed
25,441,83.53020042613012,S1,1,loose / exposed
25,442,85.32694158905582,S1,1,loose / exposed
25,443,88.43668758606483,S1,1,loose / exposed
25,444,85.3523287376322,S1,1,loose / exposed
25,445,75.78349148797537,S1,1,loose / exposed
25,446,80.53346915998247,S1,1,loose / exposed
25,447,95.67931338738285,S1,3,Lys face
25,448,84.70010811500984,S1,1,loose / exposed
25,449,113.27779642066838,S1,3,Lys face
25,450,85.05331116483597,S1,1,loose / exposed
25,451,92.13775783707726,S1,1,loose / exposed
25,452,97.99898956039219,S1,1,loose / exposed
25,453,88.19390900036863,S1,1,loose / exposed
25,454,91.94253167923884,S1,3,Lys face
25,455,96.87102181414261,S1,1,loose / exposed
25,456,105.466174321676,S1,1,loose / exposed
25,457,94.84961128711963,S1,1,loose / exposed
25,458,98.68068622949725,S1,1,loose / exposed
25,459,88.65941917729714,S1,1,loose / exposed
25,460,80.78462594563877,S1,3,Lys face
25,461,96.54857740706164,S1,1,loose / exposed
25,462,85.76125025962324,S1,3,Lys face
25,463,88.93797680253468,S1,1,loose / exposed
25,464,114.727101333704,S1,1,loose / exposed
25,465,91.74452242674248,S1,1,loose / exposed
25,466,82.89487715302512,S1,1,loose / exposed
25,467,100.86595590443952,S1,1,loose / exposed
25,468,98.35489160554967,S1,1,loose / exposed
25,469,87.1259245800706,S1,1,loose / exposed
25,470,93.74159296523419,S1,3,Lys face
25,471,89.01155606289474,S1,1,loose / exposed
25,472,81.0243912841218,S1,1,loose / exposed
25,473,84.51911474609139,S1,1,loose / exposed
25,474,88.31962932742921,S1,1,loose / exposed
25,475,96.36971030770174,S1,1,loose / exposed
25,476,96.66005916772603,S1,1,loose / exposed
25,477,97.91223061751039,S1,3,Lys face
25,478,102.09334754380755,S1,1,loose / exposed
25,479,101.03440992985462,S1,3,Lys face
25,480,103.10620230887818,S1,3,Lys face
25,481,81.1727605512488,S1,3,Lys face
25,482,103.98307260863162,S1,1,loose / exposed
25,483,85.45351808848996,S1,3,Lys face
25,484,91.29682511095923,S1,3,Lys face
25,485,89.89615406599708,S1,3,Lys face
25,486,86.72699306655905,S1,3,Lys face
25,487,91.98031245309143,S1,3,Lys face
25,488,89.47716989040087,S1,3,Lys face
25,489,96.01460261645883,S1,3,Lys face
25,490,95.79832416641115,S1,3,Lys face
25,491,97.33939861883547,S1,3,Lys face
25,492,116.71308683601453,S1,3,Lys face
25,493,94.33114320725139,S1,3,Lys face
25,494,104.3252451925183,S1,3,Lys face
25,495,97.29488221835422,S1,3,Lys face
25,496,98.73629403208317,S1,3,Lys face
25,497,93.3166595939377,S1,3,Lys face
25,498,90.25262978868848,S1,3,Lys face
25,499,90.92587137382947,S1,3,Lys face
25,500,88.81035752277239,S1,3,Lys face
25,501,105.33670218878342,S1,3,Lys face
25,502,93.63734878234557,S1,3,Lys face
25,503,78.20678813699996,S1,3,Lys face
25,504,90.25616104092464,S1,3,Lys face
25,505,90.98957315871858,S1,3,Lys face
25,506,79.43630231759343,S1,3,Lys face
25,507,100.68143462358644,S1,3,Lys face
25,508,103.92386551239815,S1,3,Lys face
25,509,93.72988762558612,S1,3,Lys face
25,510,94.09778124075959,S1,3,Lys face
25,511,98.98439359092444,S1,3,Lys face
25,512,97.0644754777995,S1,1,loose / exposed
25,513,104.69549158375806,S1,3,Lys face
25,514,106.9029826802613,S1,3,Lys face
25,515,84.18096247773452,S1,3,Lys face
25,516,103.20585498717256,S1,3,Lys face
25,517,88.86792725560468,S1,3,Lys face
25,518,80.79554644479364,S1,3,Lys face
25,519,73.63708076215023,S1,3,Lys face
25,520,91.78607291169531,S1,3,Lys face
25,521,90.64428946751534,S1,3,Lys face
25,522,98.71575763584963,S1,3,Lys face
25,523,94.20535980400412,S1,3,Lys face
25,524,101.23413308180439,S1,3,Lys face
25,525,100.3677666546114,S1,3,Lys face
25,526,97.84259297628469,S1,3,Lys face
25,527,92.15876791468415,S1,3,Lys face
25,528,90.64705181993031,S1,3,Lys face
25,529,88.79124074937026,S1,3,Lys face
25,530,94.84371376107049,S1,3,Lys face
25,531,92.14958439675577,S1,3,Lys face
25,532,104.09481888199407,S1,3,Lys face
25,533,94.77753914344646,S1,3,Lys face
25,534,80.82574086325711,S1,1,loose / exposed
25,535,89.7118604125277,S1,3,Lys face
25,536,78.9426582551852,S1,3,Lys face
25,537,79.9548623742018,S1,1,loose / exposed
25,538,95.19385277371009,S1,3,Lys face
25,539,89.8245456990791,S1,1,loose / exposed
25,540,90.35138002269619,S1,3,Lys face
25,541,99.81362790166617,S1,3,Lys face
25,542,84.42544371287039,S1,3,Lys face
25,543,98.60003975721608,S1,3,Lys face
25,544,97.68797537257475,S1,3,Lys face
25,545,87.87726657155784,S1,3,Lys face
25,546,88.76215140928548,S1,3,Lys face
25,547,101.56400125330593,S1,3,Lys face
25,548,86.0666004398196,S1,3,Lys face
25,549,91.0077552395237,S1,3,Lys face
25,550,86.72994979275101,S1,3,Lys face
25,551,97.27635781250667,S1,3,Lys face
25,552,107.4369043735088,S1,3,Lys face
25,553,97.28206349826935,S1,1,loose / exposed
25,554,96.50810253295346,S1,3,Lys face
25,555,86.60721724216266,S1,3,Lys face
25,556,89.68175540048796,S1,3,Lys face
25,557,100.15845503464922,S1,3,Lys face
25,558,94.91300677575867,S1,3,Lys face
25,559,86.83923511827126,S1,3,Lys face
25,560,95.26529797894803,S1,3,Lys face
25,561,85.02090960171441,S1,3,Lys face
25,562,101.10475981585914,S1,3,Lys face
25,563,95.51064151736489,S1,3,Lys face
25,564,91.87612593304854,S1,3,Lys face
25,565,86.9194088204494,S1,3,Lys face
25,566,95.6981703267723,S1,3,Lys face
25,567,84.81756332648314,S1,3,Lys face
25,568,113.28186345041237,S1,1,loose / exposed
25,569,100.8863375726049,S1,3,Lys face
25,570,96.53789648729727,S1,3,Lys face
25,571,97.03323545130095,S1,3,Lys face
25,572,94.63295421168633,S1,1,loose / exposed
25,573,86.72892906185334,S1,1,loose / exposed
25,574,82.98938817391297,S1,1,loose / exposed
25,575,94.85278266262615,S1,1,loose / exposed
25,576,92.6131947568274,S1,3,Lys face
25,577,98.61240837561917,S1,3,Lys face
25,578,84.18670933774624,S1,3,Lys face
25,579,89.46375113876584,S1,3,Lys face
25,580,86.78341515623282,S1,3,Lys face
25,581,105.29903506535335,S1,3,Lys face
25,582,91.48868341599002,S1,3,Lys face
25,583,95.02984194742304,S1,3,Lys face
25,584,105.82229094071644,S1,1,loose / exposed
25,585,79.97185429486353,S1,3,Lys face
25,586,101.61192135728751,S1,1,loose / exposed
25,587,110.47972969606916,S1,1,loose / exposed
25,588,92.59785804152028,S1,1,loose / exposed
25,589,92.89304840294925,S1,1,loose / exposed
25,590,102.54583453995315,S1,1,loose / exposed
25,591,99.98659830394026,S1,1,loose / exposed
25,592,90.968433025756,S1,1,loose / exposed
25,593,104.43700219240752,S1,3,Lys face
25,594,110.40067313706518,S1,3,Lys face
25,595,106.8609966179899,S1,1,loose / exposed
25,596,76.74189909634681,S1,1,loose / exposed
25,597,106.02080288911026,S1,1,loose / exposed
25,598,96.96731538780338,S1,1,loose / exposed
25,599,46.367979717461445,other,1,loose / exposed
25,600,104.49106501654306,S1,1,loose / exposed
25,601,104.17640405822651,S1,1,loose / exposed
25,602,75.63922485604971,S1,1,loose / exposed
25,603,136.91007907274923,S1,1,loose / exposed
25,604,60.21901818775582,S1,1,loose / exposed
25,605,102.83112882582006,S1,1,loose / exposed
25,606,89.15654432699334,S1,1,loose / exposed
25,607,112.82648969330155,S1,1,loose / exposed
25,608,98.20136542546867,S1,1,loose / exposed
25,609,132.5205998398808,S1,1,loose / exposed
25,610,104.39081570345218,S1,1,loose / exposed
25,611,131.62302950254298,S1,1,loose / exposed
25,612,88.8346909113157,S1,1,loose / exposed
25,613,108.13110978559979,S1,1,loose / exposed
25,614,89.0541392761004,S1,1,loose / exposed
25,615,98.4765401327778,S1,1,loose / exposed
25,616,106.49529609935647,S1,1,loose / exposed
25,617,109.86817090627483,S1,1,loose / exposed
25,618,134.00475810638315,S1,1,loose / exposed
25,619,123.8831789592963,S1,1,loose / exposed
25,620,130.15291823037677,S1,1,loose / exposed
25,621,107.51897276495038,S1,1,loose / exposed
25,622,127.7814989664505,S1,1,loose / exposed
25,623,106.43019044155344,S1,1,loose / exposed
25,624,147.06020990417616,S1,1,loose / exposed
25,625,130.46538712619125,S1,1,loose / exposed
25,626,110.3455751124545,S1,1,loose / exposed
25,627,116.92362437486591,S1,1,loose / exposed
25,628,115.38625598596592,S1,1,loose / exposed
25,629,138.0923221438711,S1,1,loose / exposed
25,630,133.25105806870698,S1,1,loose / exposed
25,631,104.0195126998215,S1,1,loose / exposed
25,632,113.02622804438388,S1,1,loose / exposed
25,633,120.89071792891832,S1,1,loose / exposed
25,634,132.3014593183096,S1,1,loose / exposed
25,635,122.13591168839724,S1,1,loose / exposed
25,636,105.41009930807923,S1,1,loose / exposed
25,637,103.0337762792647,S1,1,loose / exposed
25,638,104.40081254157661,S1,1,loose / exposed
25,639,97.99195236664788,S1,1,loose / exposed
25,640,97.23337321639927,S1,1,loose / exposed
25,641,115.75529977106945,S1,1,loose / exposed
25,642,113.10664057932745,S1,1,loose / exposed
25,643,127.85012474262868,S1,1,loose / exposed
25,644,97.92735024275663,S1,1,loose / exposed
25,645,92.65408692717149,S1,1,loose / exposed
25,646,110.5062805215161,S1,1,loose / exposed
25,647,110.79455697026519,S1,1,loose / exposed
25,648,121.37742419697511,S1,1,loose / exposed
25,649,120.07767726343798,S1,1,loose / exposed
25,650,111.91447609998423,S1,1,loose / exposed
25,651,108.10325992070958,S1,1,loose / exposed
25,652,101.23582225493595,S1,1,loose / exposed
25,653,95.77108873892189,S1,1,loose / exposed
25,654,93.4061489070337,S1,1,loose / exposed
25,655,126.63638066559534,S1,1,loose / exposed
25,656,112.0069159507318,S1,1,loose / exposed
25,657,105.15908797240377,S1,1,loose / exposed
25,658,114.76507774264803,S1,1,loose / exposed
25,659,89.93760157967363,S1,1,loose / exposed
25,660,120.27418811573807,S1,1,loose / exposed
25,661,109.43087683031358,S1,1,loose / exposed
25,662,119.55705792195228,S1,1,loose / exposed
25,663,112.67812802258247,S1,1,loose / exposed
25,664,132.6212375590995,S1,1,loose / exposed
25,665,127.04831093777764,S1,1,loose / exposed
25,666,119.09561230043214,S1,1,loose / exposed
25,667,119.16841339460753,S1,1,loose / exposed
25,668,115.51930206837885,S1,1,loose / exposed
25,669,116.92197586592866,S1,1,loose / exposed
25,670,96.41250790092137,S1,1,loose / exposed
25,671,126.96610674852259,S1,1,loose / exposed
25,672,116.78394123572475,S1,1,loose / exposed
25,673,111.90056874720598,S1,1,loose / exposed
25,674,129.5989038060115,S1,1,loose / exposed
25,675,104.32737298870045,S1,1,loose / exposed
25,676,116.07722796866508,S1,1,loose / exposed
25,677,120.23429319506134,S1,1,loose / exposed
25,678,114.27303003672965,S1,1,loose / exposed
25,679,118.34637235228507,S1,1,loose / exposed
25,680,105.79399987291639,S1,1,loose / exposed
25,681,126.89658472544582,S1,1,loose / exposed
25,682,109.49274839743191,S1,1,loose / exposed
25,683,130.0358210830342,S1,1,loose / exposed
25,684,127.76025779362558,S1,1,loose / exposed
25,685,96.21008149136323,S1,1,loose / exposed
25,686,116.57499826449981,S1,1,loose / exposed
25,687,107.00903693220664,S1,1,loose / exposed
25,688,102.23098711896513,S1,1,loose / exposed
25,689,125.98409553356167,S1,1,loose / exposed
25,690,139.20081115359912,S1,1,loose / exposed
25,691,101.39305721575008,S1,1,loose / exposed
25,692,121.16289354569658,S1,1,loose / exposed
25,693,114.25526164441045,S1,1,loose / exposed
25,694,114.51428731997795,S1,1,loose / exposed
25,695,107.31806698458124,S1,1,loose / exposed
25,696,106.01733830622007,S1,1,loose / exposed
25,697,123.62788830493389,S1,1,loose / exposed
25,698,110.37700904821104,S1,1,loose / exposed
25,699,126.63507385473682,S1,1,loose / exposed
25,700,117.0972816728864,S1,1,loose / exposed
25,701,130.97995935689727,S1,1,loose / exposed
25,702,134.03234593219443,S1,1,loose / exposed
25,703,121.70886607948569,S1,1,loose / exposed
25,704,117.81408710997529,S1,1,loose / exposed
25,705,134.2467618276958,S1,1,loose / exposed
25,706,105.43817758049197,S1,1,loose / exposed
25,707,110.96212672102638,S1,1,loose / exposed
25,708,136.57420298832182,S1,1,loose / exposed
25,709,109.02209007365731,S1,1,loose / exposed
25,710,126.30635102627953,S1,1,loose / exposed
25,711,97.08871245335256,S1,1,loose / exposed
25,712,120.95906424891659,S1,1,loose / exposed
25,713,117.6132232385877,S1,1,loose / exposed
25,714,114.44525862043542,S1,1,loose / exposed
25,715,112.78067409068275,S1,1,loose / exposed
25,716,103.3495138366957,S1,1,loose / exposed
25,717,102.5694465384891,S1,1,loose / exposed
25,718,124.04856417072708,S1,1,loose / exposed
25,719,113.68369621660433,S1,1,loose / exposed
25,720,160.15043795297038,other,1,loose / exposed
25,721,124.63487764278003,S1,1,loose / exposed
25,722,138.85314242796696,S1,1,loose / exposed
25,723,105.43881388591652,S1,1,loose / exposed
25,724,88.78694404908204,S1,1,loose / exposed
25,725,134.9226649900901,S1,1,loose / exposed
25,726,99.41277907899087,S1,1,loose / exposed
25,727,86.52382610936431,S1,1,loose / exposed
25,728,105.10869793961123,S1,1,loose / exposed
25,729,131.73802368206103,S1,1,loose / exposed
25,730,123.60784290291315,S1,1,loose / exposed
25,731,137.33984971550728,S1,1,loose / exposed
25,732,134.19590577330305,S1,1,loose / exposed
25,733,107.69133289724135,S1,1,loose / exposed
25,734,108.61655206076281,S1,1,loose / exposed
25,735,120.69361626014138,S1,1,loose / exposed
25,736,102.07482370616097,S1,1,loose / exposed
25,737,103.0327270092216,S1,1,loose / exposed
25,738,108.00032326676181,S1,1,loose / exposed
25,739,100.2801682525929,S1,1,loose / exposed
25,740,78.83122476644,S1,1,loose / exposed
25,741,78.19740637796501,S1,1,loose / exposed
25,742,108.37353968052092,S1,1,loose / exposed
25,743,110.64755026884573,S1,1,loose / exposed
25,744,110.18987199544802,S1,1,loose / exposed
25,745,137.63138742052453,S1,1,loose / exposed
25,746,99.99352742499175,S1,1,loose / exposed
25,747,144.96923780772923,S1,1,loose / exposed
25,748,86.91328681303678,S1,1,loose / exposed
25,749,110.03693338871437,S1,1,loose / exposed
25,750,98.09887574485452,S1,1,loose / exposed
25,751,118.6858599399242,S1,1,loose / exposed
25,752,129.62014530871082,S1,1,loose / exposed
25,753,116.41513920493739,S1,1,loose / exposed
25,754,109.45383195172683,S1,1,loose / exposed
25,755,105.87382983096833,S1,1,loose / exposed
25,756,148.3255009366253,S1,1,loose / exposed
25,757,110.32902598623002,S1,1,loose / exposed
25,758,111.62269299075393,S1,1,loose / exposed
25,759,127.70010265245155,S1,1,loose / exposed
25,760,163.79964576887437,other,1,loose / exposed
25,761,148.20131515473258,S1,1,loose / exposed
25,762,118.32058866200322,S1,1,loose / exposed
25,763,150.48441885155555,other,1,loose / exposed
25,764,152.2787883608759,other,1,loose / exposed
25,765,128.89033462553937,S1,1,loose / exposed
25,766,139.11504403917877,S1,1,loose / exposed
25,767,148.19565015007004,S1,1,loose / exposed
25,768,164.499560123154,other,1,loose / exposed
25,769,145.59255626085522,S1,1,loose / exposed
25,770,141.14458900026315,S1,1,loose / exposed
25,771,174.49271598355324,other,1,loose / exposed
25,772,146.41264441214892,S1,1,loose / exposed
25,773,125.03191070518358,S1,1,loose / exposed
25,774,124.47365207501835,S1,1,loose / exposed
25,775,141.0924887385029,S1,1,loose / exposed
25,776,164.3800292741951,other,1,loose / exposed
25,777,115.15862829844005,S1,1,loose / exposed
25,778,125.95162950964591,S1,1,loose / exposed
25,779,157.8788434016687,other,1,loose / exposed
25,780,131.39166603154385,S1,1,loose / exposed
25,781,134.2895746318924,S1,1,loose / exposed
25,782,107.39540729625142,S1,1,loose / exposed
25,783,99.01044881582887,S1,1,loose / exposed
25,784,111.14883349983585,S1,1,loose / exposed
25,785,127.98033079605135,S1,1,loose / exposed
25,786,115.02528484598763,S1,1,loose / exposed
25,787,124.9699187857599,S1,1,loose / exposed
25,788,114.37109622078628,S1,1,loose / exposed
25,789,116.57641138830202,S1,1,loose / exposed
25,790,107.7811854880173,S1,1,loose / exposed
25,791,122.15274504172856,S1,1,loose / exposed
25,792,137.52470262623206,S1,1,loose / exposed
25,793,128.28526129824584,S1,1,loose / exposed
25,794,120.61376092629865,S1,1,loose / exposed
25,795,102.26496939994989,S1,1,loose / exposed
25,796,129.72879368757458,S1,1,loose / exposed
25,797,154.70161104019317,other,1,loose / exposed
25,798,123.74811749899999,S1,1,loose / exposed
25,799,106.61423483645314,S1,1,loose / exposed
25,800,120.47772756301875,S1,1,loose / exposed
25,801,114.45478301040977,S1,1,loose / exposed
25,802,121.09093223876235,S1,1,loose / exposed
25,803,147.77810209094827,S1,1,loose / exposed
25,804,-174.20485823142747,other,1,loose / exposed
25,805,131.13844735125525,S1,1,loose / exposed
25,806,147.2303400728865,S1,1,loose / exposed
25,807,129.24100460146312,S1,1,loose / exposed
25,808,119.12855520135815,S1,1,loose / exposed
25,809,136.4740022943009,S1,1,loose / exposed
25,810,123.9996087575653,S1,1,loose / exposed
25,811,111.62436879486727,S1,1,loose / exposed
25,812,98.13710429119038,S1,1,loose / exposed
25,813,132.4430417550129,S1,1,loose / exposed
25,814,109.30064127889096,S1,1,loose / exposed
25,815,117.08909222754501,S1,1,loose / exposed
25,816,145.41228855057068,S1,1,loose / exposed
25,817,138.57675120093592,S1,1,loose / exposed
25,818,122.19444311807717,S1,1,loose / exposed
25,819,115.1839509132109,S1,1,loose / exposed
25,820,124.23074466906206,S1,1,loose / exposed
25,821,106.78187080468969,S1,1,loose / exposed
25,822,114.61335587794149,S1,1,loose / exposed
25,823,142.42820569737333,S1,1,loose / exposed
25,824,115.58294938664585,S1,1,loose / exposed
25,825,141.75063539393204,S1,1,loose / exposed
25,826,130.08545181530025,S1,1,loose / exposed
25,827,126.36190969591136,S1,1,loose / exposed
25,828,151.59990922616583,other,1,loose / exposed
25,829,107.83377006670503,S1,1,loose / exposed
25,830,144.94663980713338,S1,1,loose / exposed
25,831,160.1678624206083,other,1,loose / exposed
25,832,141.5282334707496,S1,1,loose / exposed
25,833,90.3507106019742,S1,1,loose / exposed
25,834,159.62914144935556,other,1,loose / exposed
25,835,100.49669994157712,S1,1,loose / exposed
25,836,145.20586498025955,S1,1,loose / exposed
25,837,84.36002546815435,S1,1,loose / exposed
25,838,117.0624134658345,S1,1,loose / exposed
25,839,113.00516355913075,S1,1,loose / exposed
25,840,124.7793345476861,S1,1,loose / exposed
25,841,159.11847803351083,other,1,loose / exposed
25,842,132.37603120755136,S1,1,loose / exposed
25,843,144.8694924878741,S1,1,loose / exposed
25,844,113.08029273654827,S1,1,loose / exposed
25,845,78.44159201449332,S1,1,loose / exposed
25,846,100.90709986059605,S1,1,loose / exposed
25,847,121.99016031958604,S1,1,loose / exposed
25,848,112.5432159582042,S1,1,loose / exposed
25,849,112.05359282477708,S1,1,loose / exposed
25,850,160.67762139984345,other,1,loose / exposed
25,851,132.49431100716112,S1,1,loose / exposed
25,852,135.4665409303272,S1,1,loose / exposed
25,853,157.65781442109275,other,1,loose / exposed
25,854,148.42389886608836,S1,1,loose / exposed
25,855,114.32234135245322,S1,1,loose / exposed
25,856,96.8500373218284,S1,1,loose / exposed
25,857,100.13635850553806,S1,1,loose / exposed
25,858,105.7647996559102,S1,1,loose / exposed
25,859,107.71574434006644,S1,1,loose / exposed
25,860,113.05632361861227,S1,1,loose / exposed
25,861,134.19729363079685,S1,1,loose / exposed
25,862,139.70530197643416,S1,1,loose / exposed
25,863,119.52204543852693,S1,1,loose / exposed
25,864,116.78894158199057,S1,1,loose / exposed
25,865,-88.25040614668562,S2,1,loose / exposed
25,866,164.43214600296074,other,1,loose / exposed
25,867,98.15472685078223,S1,1,loose / exposed
25,868,97.20428016139789,S1,1,loose / exposed
25,869,129.10009703368235,S1,1,loose / exposed
25,870,124.5894975275275,S1,1,loose / exposed
25,871,126.09170279396548,S1,1,loose / exposed
25,872,95.60568566307768,S1,1,loose / exposed
25,873,119.92658073617508,S1,1,loose / exposed
25,874,111.02929601336194,S1,1,loose / exposed
25,875,150.75127560303727,other,1,loose / exposed
25,876,132.8597027331721,S1,1,loose / exposed
25,877,167.72448124308903,other,1,loose / exposed
25,878,144.94834476124814,S1,1,loose / exposed
25,879,155.8100985732305,other,1,loose / exposed
25,880,160.09748639272198,other,1,loose / exposed
25,881,-174.81668917964257,other,1,loose / exposed
25,882,136.90938824763955,S1,1,loose / exposed
25,883,146.77269348310367,S1,1,loose / exposed
25,884,118.85389257996728,S1,1,loose / exposed
25,885,151.73630560564158,other,1,loose / exposed
25,886,175.92538195751982,other,1,loose / exposed
25,887,140.6667365212513,S1,1,loose / exposed
25,888,145.96185557398607,S1,1,loose / exposed
25,889,152.6802797715976,other,1,loose / exposed
25,890,145.26702634425968,S1,1,loose / exposed
25,891,165.88354309447612,other,1,loose / exposed
25,892,155.28961068027166,other,1,loose / exposed
25,893,117.37946503433838,S1,1,loose / exposed
25,894,154.25237751287764,other,1,loose / exposed
25,895,131.77342429216185,S1,1,loose / exposed
25,896,154.45193111092433,other,1,loose / exposed
25,897,134.25702817151594,S1,1,loose / exposed
25,898,128.50997919514896,S1,1,loose / exposed
25,899,98.47285866225428,S1,1,loose / exposed
25,900,138.32561364365318,S1,1,loose / exposed
25,901,130.21740673074413,S1,1,loose / exposed
25,902,115.85361269697744,S1,1,loose / exposed
25,903,122.74653465596776,S1,1,loose / exposed
25,904,167.70564910711,other,1,loose / exposed
25,905,166.8205551161961,other,1,loose / exposed
25,906,122.00884918665123,S1,1,loose / exposed
25,907,128.56672241989222,S1,1,loose / exposed
25,908,108.45952409270761,S1,1,loose / exposed
25,909,143.92839747483865,S1,1,loose / exposed
25,910,137.14004455385543,S1,1,loose / exposed
25,911,153.38559327319777,other,1,loose / exposed
25,912,133.53243027315494,S1,1,loose / exposed
25,913,116.81304545487846,S1,1,loose / exposed
25,914,139.55264868076443,S1,1,loose / exposed
25,915,125.44358514827363,S1,1,loose / exposed
25,916,117.81367542032476,S1,1,loose / exposed
25,917,146.11734279199626,S1,1,loose / exposed
25,918,126.04246791230199,S1,1,loose / exposed
25,919,96.25566863393807,S1,1,loose / exposed
25,920,119.56014568186953,S1,1,loose / exposed
25,921,126.87234439014323,S1,1,loose / exposed
25,922,132.31109663945324,S1,1,loose / exposed
25,923,118.78940109941459,S1,1,loose / exposed
25,924,137.0252121495452,S1,1,loose / exposed
25,925,134.59904193278612,S1,1,loose / exposed
25,926,126.2039249481306,S1,1,loose / exposed
25,927,120.58219652031767,S1,1,loose / exposed
25,928,134.42845909709098,S1,1,loose / exposed
25,929,142.35931477236943,S1,1,loose / exposed
25,930,128.82745201133687,S1,1,loose / exposed
25,931,119.89225259243915,S1,1,loose / exposed
25,932,133.38499533907404,S1,1,loose / exposed
25,933,-178.4211910396467,other,1,loose / exposed
25,934,110.04047649667969,S1,1,loose / exposed
25,935,135.72379509832348,S1,1,loose / exposed
25,936,117.74703513002618,S1,1,loose / exposed
25,937,92.22917368939453,S1,1,loose / exposed
25,938,113.05611851075018,S1,1,loose / exposed
25,939,103.38110492585957,S1,1,loose / exposed
25,940,116.40351462341502,S1,1,loose / exposed
25,941,124.15925138685387,S1,1,loose / exposed
25,942,117.65558460706471,S1,1,loose / exposed
25,943,118.75172321015565,S1,1,loose / exposed
25,944,95.46342509175663,S1,1,loose / exposed
25,945,129.78438385577152,S1,1,loose / exposed
25,946,122.5024693544601,S1,1,loose / exposed
25,947,131.31533384011632,S1,1,loose / exposed
25,948,116.28927600325096,S1,1,loose / exposed
25,949,118.88705443667091,S1,1,loose / exposed
25,950,122.51650967973771,S1,1,loose / exposed
25,951,101.50296553448649,S1,1,loose / exposed
25,952,137.6927845310589,S1,1,loose / exposed
25,953,133.36660860291119,S1,1,loose / exposed
25,954,133.09271448772083,S1,1,loose / exposed
25,955,146.03266533969463,S1,1,loose / exposed
25,956,161.92715828276283,other,1,loose / exposed
25,957,158.20045250779086,other,1,loose / exposed
25,958,171.84181224255042,other,1,loose / exposed
25,959,122.3260751553659,S1,1,loose / exposed
25,960,133.86411207397356,S1,1,loose / exposed
25,961,125.89058092270457,S1,1,loose / exposed
25,962,118.64470129876969,S1,1,loose / exposed
25,963,128.2951761234478,S1,1,loose / exposed
25,964,125.5928685871222,S1,1,loose / exposed
25,965,102.57124424325704,S1,1,loose / exposed
25,966,154.6636243624599,other,1,loose / exposed
25,967,130.8332408425778,S1,1,loose / exposed
25,968,121.46900567614901,S1,1,loose / exposed
25,969,136.4519941003445,S1,1,loose / exposed
25,970,104.45961138537216,S1,1,loose / exposed
25,971,134.2829450252341,S1,1,loose / exposed
25,972,111.1886657075371,S1,1,loose / exposed
25,973,98.9652776362432,S1,1,loose / exposed
25,974,106.60429665487115,S1,1,loose / exposed
25,975,92.95239269939667,S1,1,loose / exposed
25,976,95.84459399169481,S1,1,loose / exposed
25,977,136.8551080325208,S1,1,loose / exposed
25,978,149.09508422612976,S1,1,loose / exposed
25,979,106.76493347493867,S1,1,loose / exposed
25,980,124.01936252806074,S1,1,loose / exposed
25,981,113.15004265297247,S1,1,loose / exposed
25,982,104.83362435638736,S1,1,loose / exposed
25,983,106.67927401703636,S1,1,loose / exposed
25,984,113.11452389205323,S1,1,loose / exposed
25,985,116.71151818576057,S1,1,loose / exposed
25,986,119.07139668250551,S1,1,loose / exposed
25,987,132.26027185455274,S1,1,loose / exposed
25,988,96.46015046179025,S1,1,loose / exposed
25,989,110.56185383035705,S1,1,loose / exposed
25,990,109.77505695599068,S1,1,loose / exposed
25,991,103.50987720976977,S1,1,loose / exposed
25,992,114.84405257818443,S1,1,loose / exposed
25,993,97.37516912751802,S1,1,loose / exposed
25,994,112.36607386731136,S1,1,loose / exposed
25,995,120.47573968237451,S1,1,loose / exposed
25,996,107.95787568616437,S1,1,loose / exposed
25,997,126.73599374297642,S1,1,loose / exposed
25,998,101.71271374989855,S1,1,loose / exposed
25,999,124.1226457859025,S1,1,loose / exposed
25,1000,122.95324842895958,S1,1,loose / exposed
30,0,83.41432598397401,S1,2,Gln132 pocket
30,1,81.231538984095,S1,2,Gln132 pocket
30,2,67.10085966419551,S1,2,Gln132 pocket
30,3,78.16957758425986,S1,2,Gln132 pocket
30,4,76.85666835097672,S1,2,Gln132 pocket
30,5,95.62394269414237,S1,1,loose / exposed
30,6,63.42105094341689,S1,2,Gln132 pocket
30,7,84.86332898211745,S1,0,deep buried
30,8,71.35996217608506,S1,0,deep buried
30,9,70.44303745385803,S1,0,deep buried
30,10,85.02395535122795,S1,0,deep buried
30,11,97.89170559681318,S1,0,deep buried
30,12,67.85345825922708,S1,0,deep buried
30,13,76.74865735890526,S1,0,deep buried
30,14,58.42437719947281,S1,0,deep buried
30,15,63.02915888333259,S1,0,deep buried
30,16,70.96125927012177,S1,0,deep buried
30,17,80.40273318844561,S1,0,deep buried
30,18,60.31526712990172,S1,2,Gln132 pocket
30,19,57.278958409293246,S1,0,deep buried
30,20,65.17987372556536,S1,0,deep buried
30,21,78.0444141797337,S1,0,deep buried
30,22,79.16200275928375,S1,1,loose / exposed
30,23,70.53893358505522,S1,0,deep buried
30,24,77.79135769931601,S1,0,deep buried
30,25,76.45618938492575,S1,2,Gln132 pocket
30,26,67.08167769866932,S1,0,deep buried
30,27,56.21653750742912,S1,0,deep buried
30,28,74.36132276544146,S1,0,deep buried
30,29,82.94764413759457,S1,0,deep buried
30,30,82.85138104542011,S1,0,deep buried
30,31,100.91403812236531,S1,0,deep buried
30,32,77.68394049001652,S1,0,deep buried
30,33,83.49793565268166,S1,0,deep buried
30,34,88.33653097166813,S1,0,deep buried
30,35,84.02099150239385,S1,0,deep buried
30,36,77.75830285107878,S1,0,deep buried
30,37,82.59185558650283,S1,0,deep buried
30,38,89.17117316989552,S1,0,deep buried
30,39,77.16552741871614,S1,0,deep buried
30,40,82.6966027271846,S1,0,deep buried
30,41,73.20026101942136,S1,0,deep buried
30,42,98.0490364138899,S1,0,deep buried
30,43,87.3952243616516,S1,0,deep buried
30,44,75.49077099568504,S1,0,deep buried
30,45,90.06003908457716,S1,0,deep buried
30,46,71.48689317792238,S1,0,deep buried
30,47,76.70684562003044,S1,0,deep buried
30,48,78.53361994882759,S1,0,deep buried
30,49,77.17262351769915,S1,0,deep buried
30,50,93.36398586880316,S1,0,deep buried
30,51,100.3378474559268,S1,0,deep buried
30,52,74.38648712910332,S1,0,deep buried
30,53,82.48165055595227,S1,0,deep buried
30,54,73.98797634194506,S1,0,deep buried
30,55,86.27531912827936,S1,0,deep buried
30,56,98.30727506751782,S1,0,deep buried
30,57,95.09972113763902,S1,0,deep buried
30,58,90.15418778161532,S1,0,deep buried
30,59,96.08421344661208,S1,0,deep buried
30,60,101.14251773930172,S1,0,deep buried
30,61,96.39979568600963,S1,0,deep buried
30,62,63.452072759163414,S1,0,deep buried
30,63,101.799809503903,S1,0,deep buried
30,64,81.97349006599195,S1,0,deep buried
30,65,103.51160412935631,S1,0,deep buried
30,66,95.60271104796247,S1,0,deep buried
30,67,92.23755850893554,S1,0,deep buried
30,68,100.53778726123198,S1,0,deep buried
30,69,84.01582132265038,S1,0,deep buried
30,70,66.53642692747562,S1,0,deep buried
30,71,98.6809598712524,S1,1,loose / exposed
30,72,76.77512628256302,S1,0,deep buried
30,73,87.28519636207656,S1,0,deep buried
30,74,86.7687257691995,S1,0,deep buried
30,75,102.69636430591673,S1,0,deep buried
30,76,74.5651603789718,S1,0,deep buried
30,77,93.29214362117449,S1,0,deep buried
30,78,82.13772478956592,S1,0,deep buried
30,79,81.56533326123905,S1,0,deep buried
30,80,72.46014772341753,S1,0,deep buried
30,81,72.31745060605944,S1,0,deep buried
30,82,79.2536662391016,S1,0,deep buried
30,83,88.23037238942281,S1,0,deep buried
30,84,87.2348663769996,S1,0,deep buried
30,85,69.51426788252465,S1,0,deep buried
30,86,70.34839203329885,S1,0,deep buried
30,87,68.32084490479089,S1,0,deep buried
30,88,94.18445896671854,S1,0,deep buried
30,89,87.2487194501539,S1,0,deep buried
30,90,70.45345875017006,S1,0,deep buried
30,91,91.83146430557608,S1,0,deep buried
30,92,88.15187881280409,S1,0,deep buried
30,93,94.68487285988239,S1,0,deep buried
30,94,61.64759065960284,S1,0,deep buried
30,95,86.73187613959485,S1,0,deep buried
30,96,69.44160559233319,S1,0,deep buried
30,97,79.49847403422696,S1,0,deep buried
30,98,79.46546154540998,S1,0,deep buried
30,99,85.40091446385156,S1,0,deep buried
30,100,90.2663128321538,S1,0,deep buried
30,101,87.00041749570175,S1,0,deep buried
30,102,91.28791890758963,S1,0,deep buried
30,103,64.73852125721689,S1,0,deep buried
30,104,97.25374092671942,S1,1,loose / exposed
30,105,86.29731928160331,S1,0,deep buried
30,106,74.73400150801265,S1,0,deep buried
30,107,86.62427910974868,S1,0,deep buried
30,108,105.4606628684246,S1,0,deep buried
30,109,97.99252166234085,S1,0,deep buried
30,110,77.31054225513363,S1,0,deep buried
30,111,75.77138194214348,S1,0,deep buried
30,112,75.8659111758813,S1,0,deep buried
30,113,88.67846437193629,S1,0,deep buried
30,114,104.10463591905827,S1,0,deep buried
30,115,82.46042878742374,S1,0,deep buried
30,116,85.79367244358602,S1,0,deep buried
30,117,83.29350380578558,S1,0,deep buried
30,118,86.93523855753853,S1,0,deep buried
30,119,76.17805066803832,S1,0,deep buried
30,120,84.06709482473013,S1,0,deep buried
30,121,82.2646713393161,S1,0,deep buried
30,122,88.0644894363218,S1,0,deep buried
30,123,87.74786970299995,S1,0,deep buried
30,124,69.84205591302114,S1,0,deep buried
30,125,84.1188614510983,S1,0,deep buried
30,126,82.78020288879785,S1,0,deep buried
30,127,69.04405623309216,S1,0,deep buried
30,128,70.00680042345228,S1,0,deep buried
30,129,64.09961440655145,S1,0,deep buried
30,130,64.73007489230704,S1,0,deep buried
30,131,66.82922315250613,S1,0,deep buried
30,132,86.61719625165676,S1,0,deep buried
30,133,76.73364272005426,S1,0,deep buried
30,134,72.79000962708302,S1,0,deep buried
30,135,94.98971380779219,S1,0,deep buried
30,136,78.43288517376428,S1,0,deep buried
30,137,83.58728309379157,S1,0,deep buried
30,138,60.62393109991523,S1,0,deep buried
30,139,91.95443074079746,S1,0,deep buried
30,140,74.5401333803544,S1,0,deep buried
30,141,81.36089661116822,S1,0,deep buried
30,142,64.00405624956532,S1,1,loose / exposed
30,143,70.47550196994408,S1,0,deep buried
30,144,81.99377182673821,S1,0,deep buried
30,145,70.90493144878334,S1,0,deep buried
30,146,75.98080126801342,S1,0,deep buried
30,147,74.76798650489914,S1,1,loose / exposed
30,148,82.11447276887431,S1,0,deep buried
30,149,72.54783949796835,S1,0,deep buried
30,150,84.62950027865159,S1,0,deep buried
30,151,82.25321271618247,S1,0,deep buried
30,152,40.39615368621604,other,0,deep buried
30,153,87.13966820960741,S1,1,loose / exposed
30,154,76.18332380643898,S1,0,deep buried
30,155,93.74771544018974,S1,0,deep buried
30,156,87.55263510293257,S1,0,deep buried
30,157,95.34626235818102,S1,0,deep buried
30,158,78.51087323671359,S1,0,deep buried
30,159,84.24516172146087,S1,0,deep buried
30,160,80.5876822784542,S1,0,deep buried
30,161,79.69434457578099,S1,0,deep buried
30,162,89.04373661792249,S1,0,deep buried
30,163,95.80959805188886,S1,0,deep buried
30,164,93.38708017674055,S1,0,deep buried
30,165,91.7472705806314,S1,0,deep buried
30,166,78.03374794840119,S1,0,deep buried
30,167,112.21111679978145,S1,0,deep buried
30,168,84.17955201523465,S1,0,deep buried
30,169,83.3686956374992,S1,0,deep buried
30,170,85.2067063401298,S1,0,deep buried
30,171,88.6394828913482,S1,0,deep buried
30,172,83.6718025668185,S1,0,deep buried
30,173,81.66699825727068,S1,0,deep buried
30,174,79.94539522279827,S1,0,deep buried
30,175,99.21394371650534,S1,0,deep buried
30,176,94.74726816491423,S1,0,deep buried
30,177,71.63728585505194,S1,0,deep buried
30,178,95.16303326081594,S1,0,deep buried
30,179,67.95937056954483,S1,0,deep buried
30,180,88.02064704478427,S1,0,deep buried
30,181,75.43905410158332,S1,0,deep buried
30,182,85.70016940635949,S1,0,deep buried
30,183,85.80190117785273,S1,0,deep buried
30,184,78.7051105126726,S1,0,deep buried
30,185,68.61236597101322,S1,0,deep buried
30,186,84.25321727073089,S1,0,deep buried
30,187,68.65058567303393,S1,0,deep buried
30,188,80.63090911141552,S1,0,deep buried
30,189,70.59382744565059,S1,0,deep buried
30,190,76.60709584666421,S1,0,deep buried
30,191,84.17961813869162,S1,0,deep buried
30,192,107.55919016044642,S1,0,deep buried
30,193,91.56743313301163,S1,0,deep buried
30,194,91.8922093974257,S1,0,deep buried
30,195,90.34784475853773,S1,0,deep buried
30,196,84.37621974442972,S1,0,deep buried
30,197,98.4922614402934,S1,0,deep buried
30,198,80.95138370095152,S1,0,deep buried
30,199,83.59384007297274,S1,0,deep buried
30,200,89.34663727150301,S1,0,deep buried
30,201,101.99000457760529,S1,0,deep buried
30,202,76.92691448220245,S1,0,deep buried
30,203,90.68036151388131,S1,0,deep buried
30,204,104.78695561538746,S1,0,deep buried
30,205,102.41437769095003,S1,0,deep buried
30,206,86.8334620593728,S1,0,deep buried
30,207,90.90398255987459,S1,0,deep buried
30,208,68.32176843615332,S1,0,deep buried
30,209,100.8538562240583,S1,0,deep buried
30,210,94.0859630355453,S1,0,deep buried
30,211,96.96416305559231,S1,0,deep buried
30,212,70.96241709338003,S1,0,deep buried
30,213,74.4703688883745,S1,0,deep buried
30,214,73.69050522180873,S1,0,deep buried
30,215,88.43543070588113,S1,0,deep buried
30,216,71.12735326692899,S1,0,deep buried
30,217,69.4015368732042,S1,0,deep buried
30,218,48.9866849872481,other,0,deep buried
30,219,89.40286162189781,S1,0,deep buried
30,220,81.24839399463332,S1,0,deep buried
30,221,99.31174936750847,S1,0,deep buried
30,222,77.71842082995028,S1,0,deep buried
30,223,98.16863783376027,S1,0,deep buried
30,224,82.36563137685131,S1,0,deep buried
30,225,82.972058326794,S1,0,deep buried
30,226,85.64351921562442,S1,0,deep buried
30,227,75.93562978938938,S1,0,deep buried
30,228,75.04176619420996,S1,0,deep buried
30,229,72.18884482425034,S1,0,deep buried
30,230,88.32502263226483,S1,0,deep buried
30,231,78.1415907170265,S1,0,deep buried
30,232,75.2975834389703,S1,0,deep buried
30,233,77.72364808375247,S1,0,deep buried
30,234,89.36583927145973,S1,0,deep buried
30,235,80.05238185462362,S1,0,deep buried
30,236,83.03087002626306,S1,0,deep buried
30,237,91.5895280407213,S1,0,deep buried
30,238,76.96862570672539,S1,0,deep buried
30,239,76.80081211976902,S1,0,deep buried
30,240,86.45796834710052,S1,0,deep buried
30,241,84.4786739457106,S1,0,deep buried
30,242,59.36695486720583,S1,0,deep buried
30,243,93.84547488920606,S1,0,deep buried
30,244,85.04888419223909,S1,0,deep buried
30,245,75.12792761853157,S1,0,deep buried
30,246,87.40101194119445,S1,0,deep buried
30,247,82.83147357592595,S1,0,deep buried
30,248,86.67377586817935,S1,0,deep buried
30,249,74.23811860623509,S1,0,deep buried
30,250,68.75158069679208,S1,0,deep buried
30,251,79.58529401517063,S1,0,deep buried
30,252,85.59670880953745,S1,0,deep buried
30,253,94.46920375589983,S1,0,deep buried
30,254,71.72436322943881,S1,0,deep buried
30,255,73.87915824564617,S1,0,deep buried
30,256,91.46661102854546,S1,0,deep buried
30,257,83.37098967032912,S1,0,deep buried
30,258,81.4971625247824,S1,0,deep buried
30,259,81.63374688229563,S1,0,deep buried
30,260,87.0168109167955,S1,0,deep buried
30,261,88.44278439798802,S1,0,deep buried
30,262,79.59737497424383,S1,0,deep buried
30,263,73.06538536393433,S1,0,deep buried
30,264,90.20944482773426,S1,0,deep buried
30,265,97.43656964757054,S1,0,deep buried
30,266,91.65044203154922,S1,0,deep buried
30,267,59.942379145747815,S1,0,deep buried
30,268,90.83576501892504,S1,0,deep buried
30,269,71.3165457399673,S1,0,deep buried
30,270,76.00939513211905,S1,0,deep buried
30,271,93.50387964615139,S1,0,deep buried
30,272,86.4471170166987,S1,0,deep buried
30,273,84.26251780188693,S1,0,deep buried
30,274,86.07727038537384,S1,0,deep buried
30,275,90.71690918627031,S1,0,deep buried
30,276,92.47480909941696,S1,0,deep buried
30,277,79.54187596612454,S1,0,deep buried
30,278,90.90863533785725,S1,0,deep buried
30,279,75.87049107489646,S1,0,deep buried
30,280,90.53418914705524,S1,0,deep buried
30,281,85.45661630033254,S1,0,deep buried
30,282,78.84122592088548,S1,0,deep buried
30,283,75.35132983019993,S1,0,deep buried
30,284,82.49476051867939,S1,0,deep buried
30,285,91.01903248508972,S1,0,deep buried
30,286,84.82672110065987,S1,0,deep buried
30,287,90.57630011944568,S1,0,deep buried
30,288,83.56746314995056,S1,0,deep buried
30,289,91.98186993090115,S1,0,deep buried
30,290,91.37242813911148,S1,0,deep buried
30,291,86.54142684990939,S1,0,deep buried
30,292,100.75150462908685,S1,0,deep buried
30,293,91.46271858140705,S1,0,deep buried
30,294,76.68463600339676,S1,0,deep buried
30,295,85.75111909420474,S1,0,deep buried
30,296,87.95529276620293,S1,0,deep buried
30,297,84.04276583002195,S1,0,deep buried
30,298,74.25574319828033,S1,0,deep buried
30,299,86.96855247581549,S1,0,deep buried
30,300,79.1574119409414,S1,0,deep buried
30,301,84.62852569239867,S1,0,deep buried
30,302,91.47288718180835,S1,0,deep buried
30,303,90.54914631089005,S1,0,deep buried
30,304,99.75197268259497,S1,0,deep buried
30,305,82.43742132072451,S1,0,deep buried
30,306,93.24581267017581,S1,0,deep buried
30,307,90.24131933436799,S1,0,deep buried
30,308,92.56313549148808,S1,0,deep buried
30,309,102.0443201216425,S1,0,deep buried
30,310,97.15306916969631,S1,0,deep buried
30,311,84.2526776683172,S1,0,deep buried
30,312,90.15010624541624,S1,0,deep buried
30,313,84.20548299033251,S1,0,deep buried
30,314,85.09884724027533,S1,0,deep buried
30,315,83.0470831483721,S1,0,deep buried
30,316,103.40325594758811,S1,0,deep buried
30,317,91.81594481610762,S1,0,deep buried
30,318,100.89575293412284,S1,0,deep buried
30,319,104.2280621748862,S1,0,deep buried
30,320,90.72023021625287,S1,0,deep buried
30,321,88.63507098506997,S1,0,deep buried
30,322,84.85888994247567,S1,0,deep buried
30,323,100.15745213091955,S1,0,deep buried
30,324,104.18339532415418,S1,0,deep buried
30,325,100.46686145939331,S1,0,deep buried
30,326,94.82862796345394,S1,0,deep buried
30,327,85.35314704954656,S1,0,deep buried
30,328,90.6258163575494,S1,0,deep buried
30,329,82.25561442482012,S1,0,deep buried
30,330,110.08952886047972,S1,0,deep buried
30,331,76.1940700497642,S1,0,deep buried
30,332,86.14344175707429,S1,0,deep buried
30,333,77.58910623819892,S1,0,deep buried
30,334,100.98715531540456,S1,0,deep buried
30,335,108.50407717488594,S1,0,deep buried
30,336,85.01601810549973,S1,0,deep buried
30,337,82.57157875700189,S1,0,deep buried
30,338,76.00164664748154,S1,0,deep buried
30,339,82.71578032750958,S1,0,deep buried
30,340,76.49921647463651,S1,0,deep buried
30,341,92.50386767256337,S1,0,deep buried
30,342,66.05417291963312,S1,0,deep buried
30,343,84.48722075673152,S1,0,deep buried
30,344,72.32672355409947,S1,0,deep buried
30,345,68.44003204659526,S1,0,deep buried
30,346,64.40559577853375,S1,0,deep buried
30,347,76.41895491030243,S1,0,deep buried
30,348,85.80868834743903,S1,0,deep buried
30,349,53.07014313578819,S1,0,deep buried
30,350,73.67519369965261,S1,0,deep buried
30,351,81.75590816045195,S1,0,deep buried
30,352,77.43998163693472,S1,0,deep buried
30,353,82.6079284200214,S1,0,deep buried
30,354,72.35432902099552,S1,0,deep buried
30,355,82.13719568675369,S1,0,deep buried
30,356,100.92889845829369,S1,0,deep buried
30,357,82.50945831732717,S1,0,deep buried
30,358,75.10659305768853,S1,0,deep buried
30,359,65.01189058568117,S1,0,deep buried
30,360,77.21692366662492,S1,0,deep buried
30,361,85.18219004039649,S1,0,deep buried
30,362,68.275364779644,S1,0,deep buried
30,363,52.59895508574592,S1,0,deep buried
30,364,80.01241206274167,S1,0,deep buried
30,365,78.7020063973642,S1,0,deep buried
30,366,74.27181684053312,S1,0,deep buried
30,367,71.17760201566257,S1,0,deep buried
30,368,76.66403679262683,S1,0,deep buried
30,369,87.37552677137354,S1,0,deep buried
30,370,80.9553515344231,S1,0,deep buried
30,371,81.40714401570196,S1,0,deep buried
30,372,85.94945249506281,S1,0,deep buried
30,373,83.88104417070664,S1,0,deep buried
30,374,81.5700749812634,S1,0,deep buried
30,375,70.6534475867058,S1,0,deep buried
30,376,73.7015299400143,S1,0,deep buried
30,377,71.90528367764303,S1,0,deep buried
30,378,65.26405256836598,S1,0,deep buried
30,379,81.1403341956207,S1,0,deep buried
30,380,79.11677992500199,S1,0,deep buried
30,381,58.49010288567548,S1,0,deep buried
30,382,67.92564328061435,S1,0,deep buried
30,383,88.92115691568651,S1,0,deep buried
30,384,98.3405773846442,S1,0,deep buried
30,385,58.77901495691216,S1,0,deep buried
30,386,65.60219307351026,S1,0,deep buried
30,387,73.31554121176703,S1,0,deep buried
30,388,83.5440272271458,S1,0,deep buried
30,389,80.77551572738537,S1,0,deep buried
30,390,76.81449706169896,S1,0,deep buried
30,391,80.07891380607252,S1,0,deep buried
30,392,84.71202275450399,S1,0,deep buried
30,393,80.65965069853685,S1,0,deep buried
30,394,78.78060814919354,S1,0,deep buried
30,395,78.32532760554429,S1,0,deep buried
30,396,79.45995644577104,S1,0,deep buried
30,397,92.88012334258124,S1,0,deep buried
30,398,92.90332086881826,S1,0,deep buried
30,399,85.63745060312402,S1,0,deep buried
30,400,71.04884264908087,S1,0,deep buried
30,401,62.62185781606892,S1,0,deep buried
30,402,56.8700159654301,S1,0,deep buried
30,403,78.39621190574348,S1,0,deep buried
30,404,91.66096062059054,S1,0,deep buried
30,405,76.5468836026152,S1,0,deep buried
30,406,66.40043262961747,S1,0,deep buried
30,407,90.10769896317287,S1,0,deep buried
30,408,71.65880844262928,S1,0,deep buried
30,409,72.00679894291288,S1,0,deep buried
30,410,82.92782822705801,S1,0,deep buried
30,411,75.93858979953704,S1,0,deep buried
30,412,82.8519393152729,S1,0,deep buried
30,413,83.87353677977171,S1,0,deep buried
30,414,79.15216448632961,S1,0,deep buried
30,415,80.18956780890561,S1,0,deep buried
30,416,89.55135678976644,S1,0,deep buried
30,417,99.18258376620861,S1,0,deep buried
30,418,89.22277875797519,S1,0,deep buried
30,419,70.81104016747443,S1,0,deep buried
30,420,95.60858690566403,S1,0,deep buried
30,421,97.98969362466012,S1,0,deep buried
30,422,86.61852674395242,S1,0,deep buried
30,423,90.88351838650577,S1,0,deep buried
30,424,96.30805804560087,S1,0,deep buried
30,425,74.06302109215291,S1,0,deep buried
30,426,74.02597319263792,S1,0,deep buried
30,427,82.9017315739946,S1,0,deep buried
30,428,89.56426846200067,S1,0,deep buried
30,429,71.47310467401321,S1,0,deep buried
30,430,87.99469647306859,S1,0,deep buried
30,431,82.7649860288132,S1,0,deep buried
30,432,100.14856691498996,S1,0,deep buried
30,433,86.51762999184785,S1,0,deep buried
30,434,73.75708104182482,S1,0,deep buried
30,435,84.98626822286849,S1,0,deep buried
30,436,91.14895048177526,S1,0,deep buried
30,437,92.44877785359904,S1,0,deep buried
30,438,88.84880992201812,S1,0,deep buried
30,439,89.34335329884101,S1,0,deep buried
30,440,84.25637335931833,S1,0,deep buried
30,441,97.19251398211999,S1,0,deep buried
30,442,67.23855049294512,S1,0,deep buried
30,443,77.7426817994664,S1,0,deep buried
30,444,96.12283832090407,S1,0,deep buried
30,445,83.08111629911224,S1,0,deep buried
30,446,91.05798484500498,S1,0,deep buried
30,447,92.40758267652511,S1,0,deep buried
30,448,72.15265027191674,S1,0,deep buried
30,449,87.37624357546501,S1,0,deep buried
30,450,79.21578861817989,S1,0,deep buried
30,451,77.11531366178782,S1,0,deep buried
30,452,83.01121206242179,S1,0,deep buried
30,453,94.52076879863066,S1,0,deep buried
30,454,96.41274099043129,S1,0,deep buried
30,455,74.34427560282927,S1,0,deep buried
30,456,85.822072159174,S1,0,deep buried
30,457,89.99072961376943,S1,0,deep buried
30,458,69.50772479031346,S1,0,deep buried
30,459,81.03409224459826,S1,0,deep buried
30,460,72.82978102011499,S1,0,deep buried
30,461,80.55499347487998,S1,0,deep buried
30,462,83.5431946294782,S1,0,deep buried
30,463,72.55750312193301,S1,0,deep buried
30,464,75.1423911084098,S1,0,deep buried
30,465,58.1992608632822,S1,0,deep buried
30,466,80.42488641760683,S1,0,deep buried
30,467,83.79422990696092,S1,1,loose / exposed
30,468,88.66053994545756,S1,0,deep buried
30,469,93.57515627092764,S1,0,deep buried
30,470,95.46121333859311,S1,0,deep buried
30,471,76.73060858042858,S1,0,deep buried
30,472,95.3889464751733,S1,0,deep buried
30,473,80.25224873383873,S1,0,deep buried
30,474,88.79968909297196,S1,0,deep buried
30,475,69.41697270453868,S1,0,deep buried
30,476,86.9595993559758,S1,0,deep buried
30,477,73.4800803653034,S1,0,deep buried
30,478,82.4977729004526,S1,0,deep buried
30,479,66.02295649355983,S1,0,deep buried
30,480,76.63711044297273,S1,0,deep buried
30,481,76.95192951582881,S1,0,deep buried
30,482,90.48733146998426,S1,0,deep buried
30,483,82.18269680652274,S1,0,deep buried
30,484,89.21336566158101,S1,0,deep buried
30,485,70.13834004670112,S1,0,deep buried
30,486,80.92117050182111,S1,0,deep buried
30,487,81.13950717127999,S1,0,deep buried
30,488,75.47327421604551,S1,0,deep buried
30,489,79.13742026777554,S1,0,deep buried
30,490,75.89407552087462,S1,0,deep buried
30,491,84.0923204973022,S1,0,deep buried
30,492,105.2768556562533,S1,0,deep buried
30,493,88.13093734001197,S1,0,deep buried
30,494,89.10420600180339,S1,0,deep buried
30,495,56.64634955575468,S1,0,deep buried
30,496,82.64348896124325,S1,0,deep buried
30,497,95.96841481333506,S1,0,deep buried
30,498,90.3413657112725,S1,0,deep buried
30,499,74.21001136027806,S1,0,deep buried
30,500,93.42699634207308,S1,0,deep buried
30,501,97.11402241932763,S1,0,deep buried
30,502,79.73821785357637,S1,0,deep buried
30,503,105.20551111248255,S1,0,deep buried
30,504,89.0931864700863,S1,0,deep buried
30,505,86.66272465224358,S1,0,deep buried
30,506,83.53527245714814,S1,0,deep buried
30,507,70.71513187946026,S1,0,deep buried
30,508,65.72896865575004,S1,0,deep buried
30,509,80.60641705699629,S1,0,deep buried
30,510,95.51754272997346,S1,0,deep buried
30,511,82.47610139211476,S1,0,deep buried
30,512,89.03124576232983,S1,0,deep buried
30,513,83.54804540462605,S1,0,deep buried
30,514,79.96716617241549,S1,0,deep buried
30,515,88.29845857339164,S1,0,deep buried
30,516,94.67842932695842,S1,0,deep buried
30,517,86.13207210369862,S1,0,deep buried
30,518,93.61136606877061,S1,0,deep buried
30,519,82.95682985733883,S1,0,deep buried
30,520,98.79670658433227,S1,0,deep buried
30,521,74.11063057698205,S1,0,deep buried
30,522,89.21755078753289,S1,0,deep buried
30,523,66.78630954746284,S1,0,deep buried
30,524,78.5562715696799,S1,0,deep buried
30,525,88.2921506287843,S1,0,deep buried
30,526,67.8778625134789,S1,0,deep buried
30,527,94.55111690474259,S1,0,deep buried
30,528,109.1571590992066,S1,0,deep buried
30,529,92.49580280724116,S1,0,deep buried
30,530,90.42129710765285,S1,0,deep buried
30,531,77.04987350388092,S1,0,deep buried
30,532,82.32546968501383,S1,0,deep buried
30,533,84.4522468558443,S1,0,deep buried
30,534,84.71449449095381,S1,0,deep buried
30,535,89.15180645626178,S1,0,deep buried
30,536,93.08110459804169,S1,0,deep buried
30,537,92.97104137949744,S1,0,deep buried
30,538,82.53814961537205,S1,0,deep buried
30,539,84.64549683301298,S1,0,deep buried
30,540,95.49486447422935,S1,0,deep buried
30,541,92.32174754751097,S1,0,deep buried
30,542,82.30645985857211,S1,0,deep buried
30,543,87.90539312623083,S1,0,deep buried
30,544,86.9551359265728,S1,0,deep buried
30,545,71.84150287569469,S1,0,deep buried
30,546,98.92138384174724,S1,0,deep buried
30,547,75.55296599231613,S1,1,loose / exposed
30,548,93.3242581252048,S1,0,deep buried
30,549,83.45547784704279,S1,0,deep buried
30,550,74.4922252108399,S1,0,deep buried
30,551,79.39718268290459,S1,1,loose / exposed
30,552,94.90118588155217,S1,0,deep buried
30,553,68.50595906034276,S1,1,loose / exposed
30,554,79.56333572416501,S1,0,deep buried
30,555,87.28482542795962,S1,0,deep buried
30,556,88.14088724921281,S1,0,deep buried
30,557,69.62921510079748,S1,0,deep buried
30,558,99.50075379838952,S1,0,deep buried
30,559,71.05181808840943,S1,0,deep buried
30,560,103.04066634928922,S1,0,deep buried
30,561,87.68418776130319,S1,0,deep buried
30,562,69.08209065175286,S1,1,loose / exposed
30,563,85.20802767572836,S1,0,deep buried
30,564,66.97568547108304,S1,0,deep buried
30,565,72.35673767513008,S1,0,deep buried
30,566,78.42913330794707,S1,0,deep buried
30,567,57.62393441842908,S1,1,loose / exposed
30,568,80.57531983063022,S1,0,deep buried
30,569,86.32914588995841,S1,0,deep buried
30,570,71.4801700857929,S1,0,deep buried
30,571,69.8604140821778,S1,0,deep buried
30,572,83.3515843187229,S1,0,deep buried
30,573,72.91083429486544,S1,0,deep buried
30,574,68.29783119664884,S1,1,loose / exposed
30,575,71.58503194484052,S1,0,deep buried
30,576,60.672127761727396,S1,0,deep buried
30,577,90.07388352770725,S1,0,deep buried
30,578,92.3521671920642,S1,0,deep buried
30,579,89.00344301182639,S1,0,deep buried
30,580,68.28364447485846,S1,1,loose / exposed
30,581,66.99610674059666,S1,1,loose / exposed
30,582,75.04260716547347,S1,0,deep buried
30,583,92.02775902267983,S1,0,deep buried
30,584,83.35691485136964,S1,0,deep buried
30,585,86.8659458611644,S1,0,deep buried
30,586,60.662016405374274,S1,0,deep buried
30,587,71.82952808824041,S1,0,deep buried
30,588,69.14374517191611,S1,0,deep buried
30,589,78.0559677797517,S1,0,deep buried
30,590,102.70998021835547,S1,0,deep buried
30,591,73.24478946658164,S1,0,deep buried
30,592,79.5173125840325,S1,1,loose / exposed
30,593,67.2184792813304,S1,0,deep buried
30,594,83.68357793078506,S1,1,loose / exposed
30,595,69.1560647602512,S1,0,deep buried
30,596,75.51791053274037,S1,0,deep buried
30,597,86.30654981698032,S1,1,loose / exposed
30,598,74.02879441622682,S1,1,loose / exposed
30,599,103.24370081339418,S1,1,loose / exposed
30,600,59.45515700894936,S1,0,deep buried
30,601,82.91026519650957,S1,0,deep buried
30,602,60.77276207379545,S1,0,deep buried
30,603,74.59130193026621,S1,0,deep buried
30,604,79.57628910940426,S1,0,deep buried
30,605,72.39716668548714,S1,0,deep buried
30,606,79.89799388185966,S1,0,deep buried
30,607,86.01509915561944,S1,0,deep buried
30,608,86.34916404313752,S1,0,deep buried
30,609,93.72641070052006,S1,0,deep buried
30,610,73.80267797669632,S1,0,deep buried
30,611,85.54334356298969,S1,0,deep buried
30,612,75.04977283330028,S1,0,deep buried
30,613,113.0771882581471,S1,0,deep buried
30,614,96.08859213317602,S1,0,deep buried
30,615,84.21398455426736,S1,0,deep buried
30,616,82.52564200683146,S1,0,deep buried
30,617,75.02905203099546,S1,0,deep buried
30,618,85.99617674908538,S1,0,deep buried
30,619,69.86509023565344,S1,0,deep buried
30,620,95.37475753378789,S1,0,deep buried
30,621,76.68800178926091,S1,0,deep buried
30,622,68.59289858891896,S1,0,deep buried
30,623,93.99337083426647,S1,0,deep buried
30,624,95.57924023759843,S1,0,deep buried
30,625,76.647578313391,S1,0,deep buried
30,626,89.09692479815071,S1,0,deep buried
30,627,89.47972060458304,S1,0,deep buried
30,628,88.1933016378943,S1,0,deep buried
30,629,92.43874675851927,S1,0,deep buried
30,630,77.74469284853916,S1,0,deep buried
30,631,56.67272608682565,S1,0,deep buried
30,632,96.75622457659425,S1,0,deep buried
30,633,76.0508570265371,S1,0,deep buried
30,634,83.78828115365597,S1,0,deep buried
30,635,83.10143143782962,S1,0,deep buried
30,636,72.74209298993162,S1,0,deep buried
30,637,75.4861459495832,S1,1,loose / exposed
30,638,81.90951627813924,S1,0,deep buried
30,639,79.31075932470483,S1,0,deep buried
30,640,106.3994338036776,S1,0,deep buried
30,641,76.61238488789444,S1,0,deep buried
30,642,87.07345117144006,S1,1,loose / exposed
30,643,88.28139237602359,S1,0,deep buried
30,644,88.27756675807463,S1,0,deep buried
30,645,91.20722732506728,S1,0,deep buried
30,646,82.93473771516379,S1,0,deep buried
30,647,82.57824417663713,S1,1,loose / exposed
30,648,88.7052893601527,S1,0,deep buried
30,649,82.99807536578696,S1,0,deep buried
30,650,71.97571824102243,S1,0,deep buried
30,651,68.85579392221238,S1,0,deep buried
30,652,65.65773654703516,S1,1,loose / exposed
30,653,93.87077955261452,S1,0,deep buried
30,654,96.85273249996631,S1,0,deep buried
30,655,81.98045753146894,S1,0,deep buried
30,656,102.28092132081076,S1,0,deep buried
30,657,85.54490741474415,S1,0,deep buried
30,658,88.18949357569684,S1,0,deep buried
30,659,84.57458894494397,S1,0,deep buried
30,660,79.72787676436802,S1,0,deep buried
30,661,101.95615670601615,S1,0,deep buried
30,662,76.70156804507708,S1,0,deep buried
30,663,79.0186998669327,S1,0,deep buried
30,664,85.5732423060141,S1,0,deep buried
30,665,83.660597192016,S1,0,deep buried
30,666,90.80142571663644,S1,0,deep buried
30,667,80.08264329127921,S1,0,deep buried
30,668,88.87601150856796,S1,0,deep buried
30,669,103.02076677175252,S1,0,deep buried
30,670,77.81180223834767,S1,0,deep buried
30,671,87.15926649016714,S1,0,deep buried
30,672,83.83749015443453,S1,0,deep buried
30,673,105.84096488753435,S1,0,deep buried
30,674,57.90792726948052,S1,0,deep buried
30,675,89.8420944454206,S1,1,loose / exposed
30,676,81.56793854639335,S1,0,deep buried
30,677,51.53641812095604,S1,0,deep buried
30,678,100.51225266378148,S1,0,deep buried
30,679,72.0215590511092,S1,0,deep buried
30,680,62.64385585161463,S1,0,deep buried
30,681,81.33006597633764,S1,0,deep buried
30,682,82.01412049132757,S1,0,deep buried
30,683,93.50964196755741,S1,0,deep buried
30,684,100.62750861867042,S1,0,deep buried
30,685,96.75517130986938,S1,1,loose / exposed
30,686,89.21531647621791,S1,1,loose / exposed
30,687,90.98252040521284,S1,1,loose / exposed
30,688,65.12417644369467,S1,1,loose / exposed
30,689,63.797094102961665,S1,1,loose / exposed
30,690,52.02813271882291,S1,0,deep buried
30,691,76.82823991468172,S1,0,deep buried
30,692,86.63433572137238,S1,0,deep buried
30,693,91.97562264963345,S1,0,deep buried
30,694,77.06000265617853,S1,0,deep buried
30,695,88.0989445054242,S1,1,loose / exposed
30,696,81.73269846483612,S1,0,deep buried
30,697,95.3101616727125,S1,1,loose / exposed
30,698,81.4211923388777,S1,1,loose / exposed
30,699,77.8982824652402,S1,1,loose / exposed
30,700,74.6297448817512,S1,1,loose / exposed
30,701,81.09368402671728,S1,1,loose / exposed
30,702,78.9264206083526,S1,0,deep buried
30,703,80.48337243409054,S1,1,loose / exposed
30,704,80.11002189608965,S1,0,deep buried
30,705,73.26529684300546,S1,1,loose / exposed
30,706,72.94450309613983,S1,0,deep buried
30,707,64.41107773370469,S1,1,loose / exposed
30,708,67.8767339512494,S1,1,loose / exposed
30,709,68.10841025480664,S1,1,loose / exposed
30,710,68.1567769878431,S1,0,deep buried
30,711,72.54690803058641,S1,1,loose / exposed
30,712,79.0777023359326,S1,0,deep buried
30,713,69.92018196815158,S1,1,loose / exposed
30,714,92.7532883052249,S1,0,deep buried
30,715,87.20333092219649,S1,0,deep buried
30,716,69.02800141813812,S1,1,loose / exposed
30,717,71.69796229446952,S1,1,loose / exposed
30,718,86.53302357994772,S1,0,deep buried
30,719,96.81024032004647,S1,1,loose / exposed
30,720,70.86087971888728,S1,0,deep buried
30,721,68.46695494853864,S1,1,loose / exposed
30,722,69.03022484528773,S1,1,loose / exposed
30,723,73.92863922991285,S1,0,deep buried
30,724,73.6974593792843,S1,1,loose / exposed
30,725,68.96634528675412,S1,1,loose / exposed
30,726,48.10930640712443,other,1,loose / exposed
30,727,93.30193332494365,S1,0,deep buried
30,728,74.5845370104421,S1,0,deep buried
30,729,91.17365958060485,S1,0,deep buried
30,730,77.97504503830301,S1,0,deep buried
30,731,80.33587313280543,S1,0,deep buried
30,732,85.68820979311451,S1,0,deep buried
30,733,93.347700392669,S1,0,deep buried
30,734,77.90536045982788,S1,0,deep buried
30,735,77.99411212427,S1,0,deep buried
30,736,76.81118552083706,S1,0,deep buried
30,737,71.51005173227139,S1,0,deep buried
30,738,48.55131676904295,other,0,deep buried
30,739,63.043800173474104,S1,0,deep buried
30,740,53.62435115971017,S1,0,deep buried
30,741,79.41334605472629,S1,0,deep buried
30,742,75.73173583618349,S1,0,deep buried
30,743,86.38005357334083,S1,0,deep buried
30,744,87.52759792234563,S1,0,deep buried
30,745,90.8407657178205,S1,0,deep buried
30,746,76.65004023858504,S1,1,loose / exposed
30,747,79.45755002677329,S1,0,deep buried
30,748,92.64263636633017,S1,1,loose / exposed
30,749,66.95281486819458,S1,0,deep buried
30,750,80.8804815277002,S1,0,deep buried
30,751,73.82407763531451,S1,0,deep buried
30,752,73.18775997236752,S1,0,deep buried
30,753,75.53085952792382,S1,0,deep buried
30,754,64.45392262613784,S1,1,loose / exposed
30,755,88.39539953384926,S1,0,deep buried
30,756,82.56996147126468,S1,0,deep buried
30,757,75.06096453028988,S1,0,deep buried
30,758,86.20281882042326,S1,0,deep buried
30,759,81.73034334538004,S1,0,deep buried
30,760,67.09287501560337,S1,0,deep buried
30,761,98.3339653115485,S1,1,loose / exposed
30,762,74.43276910958176,S1,0,deep buried
30,763,79.91641669206822,S1,0,deep buried
30,764,85.12600884962093,S1,0,deep buried
30,765,80.80035911422576,S1,0,deep buried
30,766,89.61730203684313,S1,0,deep buried
30,767,82.93371396696212,S1,0,deep buried
30,768,102.0452825905581,S1,0,deep buried
30,769,91.06225849312133,S1,0,deep buried
30,770,80.27450503746212,S1,0,deep buried
30,771,93.37902649299657,S1,0,deep buried
30,772,80.31535079218587,S1,0,deep buried
30,773,90.24741390439996,S1,0,deep buried
30,774,95.29299261894613,S1,0,deep buried
30,775,99.22574988831127,S1,0,deep buried
30,776,72.98401255072419,S1,0,deep buried
30,777,106.15800341182812,S1,0,deep buried
30,778,96.30823127644899,S1,0,deep buried
30,779,90.77874279819322,S1,0,deep buried
30,780,97.68891713779198,S1,0,deep buried
30,781,99.72509479706655,S1,0,deep buried
30,782,60.774860086170186,S1,0,deep buried
30,783,89.54472359650794,S1,0,deep buried
30,784,84.76237287444194,S1,0,deep buried
30,785,83.86195661994401,S1,0,deep buried
30,786,86.36870791335541,S1,0,deep buried
30,787,109.74833695770761,S1,0,deep buried
30,788,91.67632584777405,S1,0,deep buried
30,789,57.86354062151783,S1,0,deep buried
30,790,86.36060012373487,S1,0,deep buried
30,791,87.56315311770463,S1,0,deep buried
30,792,76.14593549600838,S1,0,deep buried
30,793,97.24255215949148,S1,0,deep buried
30,794,79.5353339111345,S1,0,deep buried
30,795,87.20204674264298,S1,0,deep buried
30,796,82.52354484100249,S1,0,deep buried
30,797,76.55310149240239,S1,0,deep buried
30,798,83.32349747026439,S1,0,deep buried
30,799,92.51762470909678,S1,0,deep buried
30,800,78.99682554665502,S1,0,deep buried
30,801,92.91264795323892,S1,0,deep buried
30,802,65.47058364205263,S1,0,deep buried
30,803,98.2446167435803,S1,0,deep buried
30,804,73.86588781585621,S1,0,deep buried
30,805,60.51084849913307,S1,0,deep buried
30,806,74.05565923489125,S1,0,deep buried
30,807,60.24919552641047,S1,0,deep buried
30,808,94.10515851616972,S1,0,deep buried
30,809,62.661025848571434,S1,0,deep buried
30,810,65.5297152517237,S1,0,deep buried
30,811,78.04500670093697,S1,0,deep buried
30,812,89.40055814949015,S1,0,deep buried
30,813,76.01977587126396,S1,0,deep buried
30,814,74.619763862354,S1,0,deep buried
30,815,73.27793838221243,S1,0,deep buried
30,816,84.83420528420827,S1,0,deep buried
30,817,99.45069878714646,S1,0,deep buried
30,818,85.0274072716201,S1,0,deep buried
30,819,79.29719538600389,S1,0,deep buried
30,820,87.02297254316296,S1,0,deep buried
30,821,65.60525202457237,S1,0,deep buried
30,822,48.59820132865171,other,0,deep buried
30,823,74.9166527494277,S1,0,deep buried
30,824,80.62672897226065,S1,0,deep buried
30,825,74.6947485869035,S1,0,deep buried
30,826,75.47304636899435,S1,0,deep buried
30,827,65.35637291875454,S1,0,deep buried
30,828,86.46337266777304,S1,0,deep buried
30,829,59.74707728295575,S1,0,deep buried
30,830,69.58154946034652,S1,0,deep buried
30,831,55.83625888335805,S1,0,deep buried
30,832,62.884705136320534,S1,0,deep buried
30,833,64.05876387398358,S1,0,deep buried
30,834,55.49319905937289,S1,0,deep buried
30,835,81.57748340456774,S1,0,deep buried
30,836,65.24994623324412,S1,0,deep buried
30,837,67.44236205476727,S1,0,deep buried
30,838,93.30349223268371,S1,0,deep buried
30,839,59.58054071245016,S1,0,deep buried
30,840,92.98200190549984,S1,0,deep buried
30,841,57.739553819095725,S1,0,deep buried
30,842,71.13259576070149,S1,0,deep buried
30,843,81.1575407921328,S1,0,deep buried
30,844,75.77955543223393,S1,0,deep buried
30,845,58.19477927896011,S1,0,deep buried
30,846,79.94877582898762,S1,0,deep buried
30,847,56.76773273463824,S1,0,deep buried
30,848,78.6807261236742,S1,0,deep buried
30,849,78.63247426071013,S1,0,deep buried
30,850,71.70969538617167,S1,0,deep buried
30,851,79.2472406759178,S1,0,deep buried
30,852,54.0192615812664,S1,0,deep buried
30,853,64.66164592584481,S1,0,deep buried
30,854,67.14899234346463,S1,0,deep buried
30,855,59.13609919371656,S1,0,deep buried
30,856,85.25420517938491,S1,0,deep buried
30,857,57.328146632287016,S1,0,deep buried
30,858,75.68268007792642,S1,0,deep buried
30,859,59.13024203096549,S1,0,deep buried
30,860,49.30026585701721,other,0,deep buried
30,861,75.70186537973704,S1,0,deep buried
30,862,88.0169066118132,S1,0,deep buried
30,863,75.68847712786692,S1,0,deep buried
30,864,64.39075183329298,S1,0,deep buried
30,865,79.82887160683737,S1,0,deep buried
30,866,59.50896280514814,S1,0,deep buried
30,867,87.76598946590309,S1,0,deep buried
30,868,55.82422581431822,S1,0,deep buried
30,869,85.8371513978864,S1,0,deep buried
30,870,84.32576212405957,S1,0,deep buried
30,871,75.30852055168165,S1,0,deep buried
30,872,62.53868830248443,S1,0,deep buried
30,873,55.3170168777557,S1,0,deep buried
30,874,64.04474069973125,S1,0,deep buried
30,875,95.20576429654226,S1,0,deep buried
30,876,75.7565090453966,S1,0,deep buried
30,877,75.77390689844442,S1,0,deep buried
30,878,68.67311035473695,S1,0,deep buried
30,879,87.15025321416167,S1,0,deep buried
30,880,92.86029801806761,S1,0,deep buried
30,881,54.07675904335278,S1,0,deep buried
30,882,68.8123928175137,S1,0,deep buried
30,883,67.6315513309842,S1,0,deep buried
30,884,67.2570522966434,S1,0,deep buried
30,885,64.19858162383942,S1,0,deep buried
30,886,78.12232281130683,S1,0,deep buried
30,887,76.59197598924702,S1,0,deep buried
30,888,77.85382989844454,S1,0,deep buried
30,889,77.09728062295157,S1,0,deep buried
30,890,65.13396315373295,S1,0,deep buried
30,891,85.53273795544078,S1,0,deep buried
30,892,65.77982267310132,S1,0,deep buried
30,893,74.37135935368845,S1,0,deep buried
30,894,58.822295350605124,S1,0,deep buried
30,895,66.4390860496758,S1,0,deep buried
30,896,61.561636638448626,S1,0,deep buried
30,897,73.39740107592064,S1,0,deep buried
30,898,65.28117193441305,S1,0,deep buried
30,899,66.45301499092582,S1,0,deep buried
30,900,64.20953673972927,S1,0,deep buried
30,901,64.5177022482661,S1,0,deep buried
30,902,70.89410610208428,S1,0,deep buried
30,903,67.72686996173425,S1,0,deep buried
30,904,63.162464478874405,S1,0,deep buried
30,905,81.44578039361942,S1,0,deep buried
30,906,61.49710029464023,S1,0,deep buried
30,907,78.88362324822484,S1,0,deep buried
30,908,74.65939931054848,S1,0,deep buried
30,909,62.317021121159485,S1,0,deep buried
30,910,70.65978719729254,S1,0,deep buried
30,911,84.29986771708677,S1,0,deep buried
30,912,63.72139056801515,S1,0,deep buried
30,913,81.71124019025198,S1,0,deep buried
30,914,95.27104049602242,S1,0,deep buried
30,915,70.47972559246269,S1,0,deep buried
30,916,62.65632530442428,S1,0,deep buried
30,917,62.428789206612386,S1,0,deep buried
30,918,63.71888730889383,S1,0,deep buried
30,919,67.43535822843735,S1,0,deep buried
30,920,68.08351925832103,S1,0,deep buried
30,921,60.86654133142329,S1,0,deep buried
30,922,64.59625511027713,S1,0,deep buried
30,923,68.12869399771174,S1,0,deep buried
30,924,69.33116923161226,S1,0,deep buried
30,925,42.40938178463861,other,0,deep buried
30,926,54.64910066881056,S1,0,deep buried
30,927,54.693581127610855,S1,0,deep buried
30,928,80.43162997470797,S1,0,deep buried
30,929,87.7069690910895,S1,0,deep buried
30,930,69.19364873928473,S1,0,deep buried
30,931,62.62418923258717,S1,0,deep buried
30,932,68.58228810279651,S1,0,deep buried
30,933,84.67163914175802,S1,0,deep buried
30,934,55.05261594199845,S1,0,deep buried
30,935,52.00810039209086,S1,0,deep buried
30,936,54.259033041728614,S1,0,deep buried
30,937,86.00459399189388,S1,0,deep buried
30,938,96.5895706293157,S1,0,deep buried
30,939,79.89238860542531,S1,0,deep buried
30,940,74.18510288633507,S1,0,deep buried
30,941,76.88428185000667,S1,0,deep buried
30,942,67.31261893193464,S1,0,deep buried
30,943,89.4723202880941,S1,0,deep buried
30,944,63.065638293638656,S1,0,deep buried
30,945,80.05011687256153,S1,0,deep buried
30,946,88.20450125479644,S1,0,deep buried
30,947,49.05500915095801,other,0,deep buried
30,948,75.71122459218209,S1,0,deep buried
30,949,75.28957381172013,S1,0,deep buried
30,950,73.85098613996347,S1,2,Gln132 pocket
30,951,66.3792246087015,S1,0,deep buried
30,952,68.8049480468988,S1,2,Gln132 pocket
30,953,58.40929449379102,S1,0,deep buried
30,954,47.90595896473851,other,0,deep buried
30,955,72.50058526224589,S1,0,deep buried
30,956,64.01906711819439,S1,0,deep buried
30,957,97.43488348961053,S1,0,deep buried
30,958,53.67183610139298,S1,0,deep buried
30,959,60.325286817391536,S1,0,deep buried
30,960,74.56022464419912,S1,0,deep buried
30,961,65.7415538925116,S1,0,deep buried
30,962,83.0512531709961,S1,0,deep buried
30,963,56.84500282023522,S1,0,deep buried
30,964,64.4533046358063,S1,0,deep buried
30,965,74.22626781067011,S1,0,deep buried
30,966,80.98120945880264,S1,0,deep buried
30,967,71.04118654838963,S1,0,deep buried
30,968,71.93576059130078,S1,0,deep buried
30,969,69.31607453418982,S1,0,deep buried
30,970,79.13351511605079,S1,0,deep buried
30,971,70.02176591339351,S1,0,deep buried
30,972,75.02897873837517,S1,2,Gln132 pocket
30,973,87.49908670201172,S1,0,deep buried
30,974,66.84206130870825,S1,0,deep buried
30,975,77.83693115629877,S1,0,deep buried
30,976,56.79255706394421,S1,0,deep buried
30,977,94.66108161257965,S1,0,deep buried
30,978,90.56793470831312,S1,0,deep buried
30,979,89.84483323258706,S1,0,deep buried
30,980,73.32814312876167,S1,0,deep buried
30,981,51.903532932214425,S1,0,deep buried
30,982,69.40877876716534,S1,0,deep buried
30,983,55.44821360086189,S1,0,deep buried
30,984,52.843265876227136,S1,0,deep buried
30,985,65.20467048022357,S1,0,deep buried
30,986,57.532113739294104,S1,0,deep buried
30,987,56.668865853530924,S1,0,deep buried
30,988,97.33704530046379,S1,0,deep buried
30,989,58.72691323959329,S1,0,deep buried
30,990,40.63285514951591,other,0,deep buried
30,991,82.2875564277228,S1,0,deep buried
30,992,84.19753585460708,S1,0,deep buried
30,993,79.38655055736147,S1,0,deep buried
30,994,62.25606769774262,S1,0,deep buried
30,995,65.17543848584572,S1,0,deep buried
30,996,80.22646260968978,S1,0,deep buried
30,997,67.17621019631952,S1,0,deep buried
30,998,101.79381973420118,S1,0,deep buried
30,999,67.10745716090233,S1,0,deep buried
30,1000,89.88161008280754,S1,0,deep buried
35,0,81.59786760380322,S1,2,Gln132 pocket
35,1,-125.89095514654865,S3,2,Gln132 pocket
35,2,-118.20191712026352,S3,2,Gln132 pocket
35,3,-130.89921412863762,S3,2,Gln132 pocket
35,4,-118.733983562251,S3,2,Gln132 pocket
35,5,-117.57546856837449,S3,2,Gln132 pocket
35,6,-107.15703976912941,S3,2,Gln132 pocket
35,7,-110.11857998170832,S3,2,Gln132 pocket
35,8,-124.17598205005201,S3,2,Gln132 pocket
35,9,-136.42768448275226,S3,2,Gln132 pocket
35,10,-100.07764538776527,S3,2,Gln132 pocket
35,11,-121.5053602600412,S3,1,loose / exposed
35,12,-140.83192064614713,S3,1,loose / exposed
35,13,-119.0724899762668,S3,2,Gln132 pocket
35,14,-114.25518425160332,S3,2,Gln132 pocket
35,15,-124.92997088382032,S3,1,loose / exposed
35,16,-132.04384138350935,S3,2,Gln132 pocket
35,17,-124.24132464861019,S3,2,Gln132 pocket
35,18,-121.2996327329445,S3,2,Gln132 pocket
35,19,-123.70703041542686,S3,2,Gln132 pocket
35,20,-98.22702621551068,S3,1,loose / exposed
35,21,-129.77045726624667,S3,2,Gln132 pocket
35,22,-133.23227092168062,S3,2,Gln132 pocket
35,23,-127.04592039821817,S3,2,Gln132 pocket
35,24,-126.22031996115197,S3,2,Gln132 pocket
35,25,-125.79641652650598,S3,2,Gln132 pocket
35,26,-106.06592700407958,S3,2,Gln132 pocket
35,27,-140.83256100167273,S3,2,Gln132 pocket
35,28,-92.94448631885821,S3,2,Gln132 pocket
35,29,-115.01749679867869,S3,2,Gln132 pocket
35,30,-133.2319332383885,S3,2,Gln132 pocket
35,31,-127.23508503528116,S3,2,Gln132 pocket
35,32,-162.37966670482191,other,2,Gln132 pocket
35,33,-106.69662589299435,S3,2,Gln132 pocket
35,34,-117.95090669610269,S3,2,Gln132 pocket
35,35,-101.3462890546921,S3,2,Gln132 pocket
35,36,-132.4136350332384,S3,2,Gln132 pocket
35,37,-121.66839375703509,S3,2,Gln132 pocket
35,38,-97.71885271130927,S3,2,Gln132 pocket
35,39,-120.93106185787754,S3,2,Gln132 pocket
35,40,-119.21029095608226,S3,2,Gln132 pocket
35,41,-124.65999855828096,S3,2,Gln132 pocket
35,42,-130.73335569549866,S3,2,Gln132 pocket
35,43,-123.5279336795108,S3,2,Gln132 pocket
35,44,-130.51521890368835,S3,2,Gln132 pocket
35,45,-107.78507770502569,S3,2,Gln132 pocket
35,46,-134.21025752979062,S3,2,Gln132 pocket
35,47,-102.742894215605,S3,2,Gln132 pocket
35,48,-100.69729557301453,S3,2,Gln132 pocket
35,49,-118.30562720169979,S3,2,Gln132 pocket
35,50,-134.99111935089542,S3,2,Gln132 pocket
35,51,-108.25606908585077,S3,2,Gln132 pocket
35,52,-100.59033656656963,S3,2,Gln132 pocket
35,53,-146.27178252997828,S3,2,Gln132 pocket
35,54,-105.87363851490007,S3,1,loose / exposed
35,55,-132.79783382086586,S3,1,loose / exposed
35,56,-108.25132330935858,S3,2,Gln132 pocket
35,57,-148.65622889586274,S3,2,Gln132 pocket
35,58,-128.75879365485056,S3,2,Gln132 pocket
35,59,-112.69774972516052,S3,2,Gln132 pocket
35,60,-111.47097923329301,S3,2,Gln132 pocket
35,61,-134.00072290575412,S3,2,Gln132 pocket
35,62,-102.40856259577113,S3,2,Gln132 pocket
35,63,-122.79901731908012,S3,2,Gln132 pocket
35,64,-127.13593806315086,S3,2,Gln132 pocket
35,65,-141.60053114212525,S3,2,Gln132 pocket
35,66,-122.20835646906924,S3,2,Gln132 pocket
35,67,-102.23994702690125,S3,2,Gln132 pocket
35,68,-123.7919176289375,S3,2,Gln132 pocket
35,69,-113.39820321307684,S3,2,Gln132 pocket
35,70,-115.36011554747157,S3,2,Gln132 pocket
35,71,-122.81997099872137,S3,2,Gln132 pocket
35,72,-99.01195807688305,S3,2,Gln132 pocket
35,73,-126.30157824216501,S3,2,Gln132 pocket
35,74,-110.15409961607843,S3,2,Gln132 pocket
35,75,-129.21316916943624,S3,2,Gln132 pocket
35,76,-138.46939824598857,S3,2,Gln132 pocket
35,77,-136.07032190753839,S3,2,Gln132 pocket
35,78,-98.23819768742591,S3,2,Gln132 pocket
35,79,-118.7050942345762,S3,2,Gln132 pocket
35,80,-102.94413766989587,S3,2,Gln132 pocket
35,81,-119.43784387082424,S3,2,Gln132 pocket
35,82,-118.20771225553302,S3,2,Gln132 pocket
35,83,-124.36110580913885,S3,2,Gln132 pocket
35,84,-129.75431039207191,S3,2,Gln132 pocket
35,85,-134.71123961481905,S3,2,Gln132 pocket
35,86,-119.34382489684101,S3,2,Gln132 pocket
35,87,-101.65420366834417,S3,2,Gln132 pocket
35,88,-134.64672577268664,S3,1,loose / exposed
35,89,-143.0237005038915,S3,2,Gln132 pocket
35,90,-106.35867262225813,S3,1,loose / exposed
35,91,-120.30232031453173,S3,2,Gln132 pocket
35,92,-110.9992287934994,S3,2,Gln132 pocket
35,93,-104.66463384779082,S3,2,Gln132 pocket
35,94,-102.22613150257476,S3,2,Gln132 pocket
35,95,-119.11730031867505,S3,2,Gln132 pocket
35,96,-95.96281157337414,S3,1,loose / exposed
35,97,-115.84253436948607,S3,2,Gln132 pocket
35,98,-124.53634336592417,S3,2,Gln132 pocket
35,99,-117.27362121685327,S3,2,Gln132 pocket
35,100,-107.11705610295543,S3,2,Gln132 pocket
35,101,-134.58596906445592,S3,2,Gln132 pocket
35,102,-88.75665600090517,S2,2,Gln132 pocket
35,103,-139.93939475554825,S3,2,Gln132 pocket
35,104,-110.5164813625496,S3,2,Gln132 pocket
35,105,-112.71167272966295,S3,2,Gln132 pocket
35,106,-107.65984066727746,S3,1,loose / exposed
35,107,-118.32241285893674,S3,2,Gln132 pocket
35,108,-135.92357432387885,S3,2,Gln132 pocket
35,109,-119.15034285960576,S3,2,Gln132 pocket
35,110,-130.89249075121361,S3,1,loose / exposed
35,111,-122.01218620890937,S3,2,Gln132 pocket
35,112,-120.94138014156928,S3,2,Gln132 pocket
35,113,-126.93213562040089,S3,2,Gln132 pocket
35,114,-149.03977572360552,S3,2,Gln132 pocket
35,115,-114.56960275785079,S3,2,Gln132 pocket
35,116,-97.02875319175313,S3,2,Gln132 pocket
35,117,-114.90869821427198,S3,2,Gln132 pocket
35,118,-109.16724729775609,S3,2,Gln132 pocket
35,119,-113.98393034856255,S3,2,Gln132 pocket
35,120,-80.58519453758217,S2,2,Gln132 pocket
35,121,-132.53368819740814,S3,2,Gln132 pocket
35,122,-119.8662134731007,S3,2,Gln132 pocket
35,123,-134.51563291141642,S3,2,Gln132 pocket
35,124,-136.46954367468567,S3,2,Gln132 pocket
35,125,-110.88367115144864,S3,1,loose / exposed
35,126,-107.72027491821883,S3,1,loose / exposed
35,127,-123.86111321307973,S3,1,loose / exposed
35,128,-101.74690248533396,S3,1,loose / exposed
35,129,-102.64922349875114,S3,1,loose / exposed
35,130,-107.33158787025111,S3,1,loose / exposed
35,131,-105.03241300091052,S3,1,loose / exposed
35,132,-97.4904007888505,S3,1,loose / exposed
35,133,-108.40484389108944,S3,1,loose / exposed
35,134,-107.73490954465821,S3,1,loose / exposed
35,135,-95.70216545307058,S3,2,Gln132 pocket
35,136,-96.74429265252724,S3,1,loose / exposed
35,137,-93.89291744254177,S3,1,loose / exposed
35,138,-114.17214493618795,S3,1,loose / exposed
35,139,-106.20095310610428,S3,1,loose / exposed
35,140,-101.00231680067834,S3,1,loose / exposed
35,141,-121.57782160899974,S3,1,loose / exposed
35,142,-104.16005768198814,S3,1,loose / exposed
35,143,-78.83247086498282,S2,1,loose / exposed
35,144,-105.5022202376741,S3,1,loose / exposed
35,145,-94.64382875358055,S3,1,loose / exposed
35,146,-107.88152240746055,S3,1,loose / exposed
35,147,-95.28944063477546,S3,1,loose / exposed
35,148,-105.84533137551647,S3,1,loose / exposed
35,149,-109.35189839766193,S3,1,loose / exposed
35,150,-93.83927753031344,S3,1,loose / exposed
35,151,-115.3349242500309,S3,1,loose / exposed
35,152,-82.9301137581589,S2,1,loose / exposed
35,153,-117.0867537537619,S3,1,loose / exposed
35,154,-98.33042051445402,S3,1,loose / exposed
35,155,-104.97781530654404,S3,2,Gln132 pocket
35,156,-106.79640126451582,S3,2,Gln132 pocket
35,157,-132.07732655981295,S3,2,Gln132 pocket
35,158,-119.31108010426668,S3,2,Gln132 pocket
35,159,-95.36609817420121,S3,2,Gln132 pocket
35,160,-98.37644446820613,S3,2,Gln132 pocket
35,161,-109.99859830534939,S3,2,Gln132 pocket
35,162,-127.04454285095075,S3,2,Gln132 pocket
35,163,-107.77157230352942,S3,1,loose / exposed
35,164,-112.56481856178709,S3,2,Gln132 pocket
35,165,-112.59901552077982,S3,2,Gln132 pocket
35,166,-117.09386432138547,S3,2,Gln132 pocket
35,167,-131.40823155221454,S3,2,Gln132 pocket
35,168,-104.67879048832026,S3,2,Gln132 pocket
35,169,-122.21675352092554,S3,2,Gln132 pocket
35,170,-144.84218241232276,S3,2,Gln132 pocket
35,171,-119.73664937575474,S3,1,loose / exposed
35,172,-127.17652346274099,S3,1,loose / exposed
35,173,-116.35258072996443,S3,1,loose / exposed
35,174,-128.36042766391523,S3,2,Gln132 pocket
35,175,-95.12672598008383,S3,2,Gln132 pocket
35,176,-136.57473991763274,S3,2,Gln132 pocket
35,177,-111.14177166026131,S3,2,Gln132 pocket
35,178,-130.85135094115842,S3,2,Gln132 pocket
35,179,-124.84547126796664,S3,2,Gln132 pocket
35,180,-97.47877900422354,S3,2,Gln132 pocket
35,181,-113.36646748802656,S3,2,Gln132 pocket
35,182,-125.03413786660805,S3,2,Gln132 pocket
35,183,-112.72634148541245,S3,2,Gln132 pocket
35,184,-149.5349126073853,S3,2,Gln132 pocket
35,185,-150.6651896183273,S3,2,Gln132 pocket
35,186,-123.57741185658843,S3,2,Gln132 pocket
35,187,-151.1378620665832,S3,2,Gln132 pocket
35,188,-116.92032899678938,S3,2,Gln132 pocket
35,189,-123.2089793583147,S3,2,Gln132 pocket
35,190,-107.36837353449096,S3,2,Gln132 pocket
35,191,-131.30922378124134,S3,2,Gln132 pocket
35,192,-113.68860726953059,S3,1,loose / exposed
35,193,-133.59862368052046,S3,1,loose / exposed
35,194,-115.86532628080116,S3,1,loose / exposed
35,195,-126.12932044383763,S3,1,loose / exposed
35,196,-117.21972571231906,S3,1,loose / exposed
35,197,-122.23009445436277,S3,1,loose / exposed
35,198,-120.32350364730871,S3,1,loose / exposed
35,199,-121.07991872000912,S3,1,loose / exposed
35,200,-131.02012274648592,S3,2,Gln132 pocket
35,201,-117.96593620782537,S3,1,loose / exposed
35,202,-104.76018491408968,S3,2,Gln132 pocket
35,203,-107.8413297789224,S3,2,Gln132 pocket
35,204,-113.51080663722294,S3,2,Gln132 pocket
35,205,-128.21322550456665,S3,2,Gln132 pocket
35,206,-107.45252015838075,S3,1,loose / exposed
35,207,-132.69125841346138,S3,2,Gln132 pocket
35,208,-121.99944982870704,S3,2,Gln132 pocket
35,209,-112.43699789236184,S3,2,Gln132 pocket
35,210,-129.87146488554296,S3,1,loose / exposed
35,211,-125.45629003025326,S3,2,Gln132 pocket
35,212,-125.47339385747651,S3,2,Gln132 pocket
35,213,-133.98073474968893,S3,2,Gln132 pocket
35,214,-125.91717282593163,S3,2,Gln132 pocket
35,215,-115.47641248316269,S3,2,Gln132 pocket
35,216,-117.82676024566862,S3,2,Gln132 pocket
35,217,-117.72697207877124,S3,2,Gln132 pocket
35,218,-116.33920157367348,S3,2,Gln132 pocket
35,219,-118.44205031517672,S3,2,Gln132 pocket
35,220,-100.310972555568,S3,2,Gln132 pocket
35,221,-139.2491715657714,S3,2,Gln132 pocket
35,222,114.74035804488808,S1,2,Gln132 pocket
35,223,107.48761295032928,S1,1,loose / exposed
35,224,113.71282591477532,S1,1,loose / exposed
35,225,77.31079263750239,S1,1,loose / exposed
35,226,108.67162889821743,S1,1,loose / exposed
35,227,116.9128943171917,S1,1,loose / exposed
35,228,128.70845511050433,S1,1,loose / exposed
35,229,116.17446668982119,S1,1,loose / exposed
35,230,96.11544441673762,S1,2,Gln132 pocket
35,231,115.57675560402677,S1,2,Gln132 pocket
35,232,122.05779821256417,S1,2,Gln132 pocket
35,233,100.89776618074849,S1,1,loose / exposed
35,234,121.55642848067386,S1,2,Gln132 pocket
35,235,116.88239758813158,S1,1,loose / exposed
35,236,93.5632596484585,S1,1,loose / exposed
35,237,119.64017781080356,S1,1,loose / exposed
35,238,114.59329757523298,S1,1,loose / exposed
35,239,110.01567187648372,S1,1,loose / exposed
35,240,121.88162532021029,S1,1,loose / exposed
35,241,112.09654534637718,S1,3,Lys face
35,242,99.32097129994521,S1,1,loose / exposed
35,243,130.29989429104447,S1,1,loose / exposed
35,244,129.0120784052767,S1,3,Lys face
35,245,138.26847215952515,S1,1,loose / exposed
35,246,131.74445506937673,S1,1,loose / exposed
35,247,133.6142323945991,S1,1,loose / exposed
35,248,131.68200885998175,S1,1,loose / exposed
35,249,111.66472188712214,S1,1,loose / exposed
35,250,127.88136452424006,S1,1,loose / exposed
35,251,107.77597647830012,S1,1,loose / exposed
35,252,119.49622881815904,S1,1,loose / exposed
35,253,126.14830619073538,S1,1,loose / exposed
35,254,96.75190256059189,S1,1,loose / exposed
35,255,125.56179176738867,S1,1,loose / exposed
35,256,121.73279800390267,S1,3,Lys face
35,257,120.76331899691358,S1,3,Lys face
35,258,136.52900114979533,S1,3,Lys face
35,259,133.6666751242001,S1,3,Lys face
35,260,110.91586431300072,S1,3,Lys face
35,261,130.87259766911544,S1,3,Lys face
35,262,126.32372475042602,S1,3,Lys face
35,263,140.2199500101994,S1,3,Lys face
35,264,134.6702708855927,S1,3,Lys face
35,265,110.87875332113042,S1,3,Lys face
35,266,125.13296480720304,S1,3,Lys face
35,267,123.97499798492187,S1,3,Lys face
35,268,110.87709714201274,S1,3,Lys face
35,269,124.62299310272765,S1,3,Lys face
35,270,96.8479778149849,S1,3,Lys face
35,271,116.7702487564241,S1,3,Lys face
35,272,112.26904040405444,S1,3,Lys face
35,273,119.66285162682324,S1,3,Lys face
35,274,90.39265975328705,S1,3,Lys face
35,275,111.978171725353,S1,3,Lys face
35,276,116.77231996433754,S1,3,Lys face
35,277,116.1049237627074,S1,3,Lys face
35,278,120.86135787159338,S1,3,Lys face
35,279,105.07738681633361,S1,3,Lys face
35,280,124.75934011797895,S1,1,loose / exposed
35,281,108.06625359964114,S1,3,Lys face
35,282,102.01975751079497,S1,3,Lys face
35,283,125.5249217592184,S1,3,Lys face
35,284,111.47493926588673,S1,3,Lys face
35,285,121.18427334113532,S1,3,Lys face
35,286,101.66095106372714,S1,3,Lys face
35,287,112.54215629804449,S1,3,Lys face
35,288,117.71120300853157,S1,3,Lys face
35,289,131.15844244833286,S1,3,Lys face
35,290,114.49646599986566,S1,3,Lys face
35,291,107.37031749478429,S1,3,Lys face
35,292,115.95192101765257,S1,3,Lys face
35,293,123.78335653466581,S1,3,Lys face
35,294,118.2755625133381,S1,3,Lys face
35,295,105.4880916954424,S1,3,Lys face
35,296,126.13413803775201,S1,3,Lys face
35,297,127.81789992521956,S1,3,Lys face
35,298,118.66547755343166,S1,3,Lys face
35,299,113.04747179977018,S1,3,Lys face
35,300,120.81124611110337,S1,3,Lys face
35,301,107.87910606254984,S1,3,Lys face
35,302,117.24924349759276,S1,3,Lys face
35,303,133.685287143756,S1,3,Lys face
35,304,88.4030676572806,S1,3,Lys face
35,305,128.83244172097213,S1,3,Lys face
35,306,128.12995042683048,S1,3,Lys face
35,307,134.03105115301005,S1,3,Lys face
35,308,123.82631777610325,S1,3,Lys face
35,309,132.34658313113292,S1,3,Lys face
35,310,129.9550590780138,S1,3,Lys face
35,311,113.4501887934453,S1,3,Lys face
35,312,130.51921704930598,S1,3,Lys face
35,313,127.26450852923927,S1,3,Lys face
35,314,126.65075834153043,S1,3,Lys face
35,315,125.05149938793859,S1,3,Lys face
35,316,134.31349572599675,S1,3,Lys face
35,317,103.22785651921045,S1,3,Lys face
35,318,110.82908057520893,S1,3,Lys face
35,319,131.72366116333296,S1,3,Lys face
35,320,135.56111341266,S1,3,Lys face
35,321,133.8557578324116,S1,3,Lys face
35,322,120.44181053551745,S1,3,Lys face
35,323,122.42573841615165,S1,3,Lys face
35,324,115.48966817180445,S1,3,Lys face
35,325,116.99924435213045,S1,3,Lys face
35,326,119.84088560880909,S1,3,Lys face
35,327,133.08855721559758,S1,3,Lys face
35,328,108.91979723863683,S1,3,Lys face
35,329,99.05498918565242,S1,3,Lys face
35,330,131.92371196681478,S1,3,Lys face
35,331,116.97959720589523,S1,3,Lys face
35,332,114.0831314823142,S1,3,Lys face
35,333,121.51046751171945,S1,3,Lys face
35,334,115.56019367139962,S1,3,Lys face
35,335,115.34449508678478,S1,3,Lys face
35,336,127.32693309316929,S1,3,Lys face
35,337,121.4994979004852,S1,3,Lys face
35,338,111.76940959527244,S1,3,Lys face
35,339,128.9357043149221,S1,3,Lys face
35,340,143.2590492045722,S1,3,Lys face
35,341,104.39344652024108,S1,3,Lys face
35,342,116.27917657790309,S1,3,Lys face
35,343,128.66725417589737,S1,3,Lys face
35,344,129.97737887895352,S1,3,Lys face
35,345,124.67193638720768,S1,1,loose / exposed
35,346,138.85335943497248,S1,3,Lys face
35,347,137.9002610123181,S1,3,Lys face
35,348,124.58270147298846,S1,3,Lys face
35,349,117.32928460144512,S1,3,Lys face
35,350,122.0930968450034,S1,3,Lys face
35,351,116.24171913499733,S1,3,Lys face
35,352,128.54225354674875,S1,3,Lys face
35,353,125.52279565128565,S1,3,Lys face
35,354,104.28382838880663,S1,3,Lys face
35,355,126.08228567360611,S1,3,Lys face
35,356,105.2975568803048,S1,3,Lys face
35,357,99.29735095801337,S1,3,Lys face
35,358,119.10288852308608,S1,3,Lys face
35,359,123.92893153172935,S1,3,Lys face
35,360,105.2314724008831,S1,3,Lys face
35,361,119.88857443523655,S1,3,Lys face
35,362,121.06708005627875,S1,3,Lys face
35,363,105.72888946442463,S1,3,Lys face
35,364,116.01070624046245,S1,3,Lys face
35,365,108.78279222522463,S1,3,Lys face
35,366,111.30033917831804,S1,3,Lys face
35,367,151.05599050044717,other,3,Lys face
35,368,119.19420972083559,S1,3,Lys face
35,369,123.88284368415766,S1,3,Lys face
35,370,106.90977950493368,S1,3,Lys face
35,371,108.20166892329735,S1,3,Lys face
35,372,114.80420859926785,S1,3,Lys face
35,373,126.63023290796156,S1,3,Lys face
35,374,127.75795568389978,S1,3,Lys face
35,375,111.1729355997227,S1,3,Lys face
35,376,103.33093154774073,S1,3,Lys face
35,377,116.48157869681287,S1,3,Lys face
35,378,136.0183682219833,S1,3,Lys face
35,379,148.4987178839234,S1,3,Lys face
35,380,124.9141014213166,S1,3,Lys face
35,381,135.07980939921487,S1,3,Lys face
35,382,125.90285232647935,S1,3,Lys face
35,383,121.38939991683796,S1,3,Lys face
35,384,124.96552336538295,S1,3,Lys face
35,385,133.95648811094068,S1,3,Lys face
35,386,115.47005579734717,S1,3,Lys face
35,387,125.28294242334289,S1,3,Lys face
35,388,115.37764557671736,S1,3,Lys face
35,389,114.62432443842111,S1,3,Lys face
35,390,133.04661220150336,S1,3,Lys face
35,391,124.69421302777145,S1,3,Lys face
35,392,104.72033886000715,S1,3,Lys face
35,393,127.08829230788221,S1,3,Lys face
35,394,123.04056561182648,S1,3,Lys face
35,395,117.36883827250156,S1,3,Lys face
35,396,119.67002420792363,S1,3,Lys face
35,397,127.30544887575681,S1,3,Lys face
35,398,123.68514979030051,S1,3,Lys face
35,399,119.96550347309703,S1,3,Lys face
35,400,106.8999836277081,S1,3,Lys face
35,401,123.74352500216588,S1,3,Lys face
35,402,113.70229956188817,S1,3,Lys face
35,403,115.90545599286646,S1,3,Lys face
35,404,126.61571835868112,S1,3,Lys face
35,405,116.41773381187623,S1,3,Lys face
35,406,135.2914172419665,S1,3,Lys face
35,407,123.00162162266557,S1,3,Lys face
35,408,124.07565487542412,S1,3,Lys face
35,409,133.55164628498025,S1,3,Lys face
35,410,135.069056206299,S1,3,Lys face
35,411,122.47089373698967,S1,3,Lys face
35,412,116.20852159495668,S1,3,Lys face
35,413,124.48532902012451,S1,3,Lys face
35,414,127.76954412627427,S1,3,Lys face
35,415,115.15149813771431,S1,3,Lys face
35,416,127.6507780354297,S1,3,Lys face
35,417,111.53524712539598,S1,3,Lys face
35,418,120.50414013446532,S1,3,Lys face
35,419,112.21003304755185,S1,3,Lys face
35,420,119.2047952042426,S1,3,Lys face
35,421,110.37218874532518,S1,3,Lys face
35,422,118.95408091044959,S1,3,Lys face
35,423,111.06686375426507,S1,3,Lys face
35,424,111.22543943342914,S1,3,Lys face
35,425,121.54431141333694,S1,3,Lys face
35,426,107.55591470298924,S1,3,Lys face
35,427,111.05179447609115,S1,3,Lys face
35,428,100.92404067620606,S1,3,Lys face
35,429,124.98025329229014,S1,3,Lys face
35,430,118.3553550707036,S1,3,Lys face
35,431,129.41028306811512,S1,3,Lys face
35,432,124.80382485239176,S1,3,Lys face
35,433,142.50535012794933,S1,3,Lys face
35,434,108.10553922347181,S1,3,Lys face
35,435,131.66330691442053,S1,3,Lys face
35,436,130.91408878491038,S1,3,Lys face
35,437,100.04335452652116,S1,3,Lys face
35,438,123.97044379880195,S1,3,Lys face
35,439,109.78722355021388,S1,3,Lys face
35,440,136.409384052164,S1,3,Lys face
35,441,126.57586299282893,S1,3,Lys face
35,442,104.3062267346273,S1,3,Lys face
35,443,105.1457601548288,S1,3,Lys face
35,444,118.34916865516158,S1,3,Lys face
35,445,146.93317445879012,S1,3,Lys face
35,446,113.54968785341917,S1,3,Lys face
35,447,112.61598041366474,S1,3,Lys face
35,448,117.47001740929394,S1,3,Lys face
35,449,106.48363827999195,S1,3,Lys face
35,450,117.08169035300779,S1,3,Lys face
35,451,127.58512660050128,S1,3,Lys face
35,452,117.42656505970201,S1,3,Lys face
35,453,112.52856028728353,S1,3,Lys face
35,454,141.7872395411911,S1,3,Lys face
35,455,128.8231791446833,S1,3,Lys face
35,456,108.91318350958534,S1,3,Lys face
35,457,131.78638513890027,S1,3,Lys face
35,458,123.43785935801748,S1,3,Lys face
35,459,103.46063602997833,S1,3,Lys face
35,460,132.38596291242933,S1,3,Lys face
35,461,101.94771309515014,S1,3,Lys face
35,462,114.4853334773349,S1,3,Lys face
35,463,120.49805644636164,S1,3,Lys face
35,464,116.12551503285773,S1,3,Lys face
35,465,111.6384565437224,S1,3,Lys face
35,466,123.74558751853233,S1,3,Lys face
35,467,122.51532142487146,S1,3,Lys face
35,468,140.6135112728374,S1,3,Lys face
35,469,150.42624201790048,other,3,Lys face
35,470,124.04418157188779,S1,3,Lys face
35,471,126.3850354538199,S1,3,Lys face
35,472,121.8851794664267,S1,3,Lys face
35,473,110.91554923435297,S1,3,Lys face
35,474,115.97594308183524,S1,3,Lys face
35,475,119.01419257300391,S1,3,Lys face
35,476,121.93509870556629,S1,3,Lys face
35,477,112.65177766150585,S1,3,Lys face
35,478,147.57295856840236,S1,3,Lys face
35,479,114.64722306641309,S1,3,Lys face
35,480,118.79335824052997,S1,3,Lys face
35,481,105.65887591205114,S1,3,Lys face
35,482,115.33060106650949,S1,3,Lys face
35,483,113.44558079577087,S1,3,Lys face
35,484,107.06610485386081,S1,3,Lys face
35,485,122.9282668415379,S1,3,Lys face
35,486,118.69021025283226,S1,3,Lys face
35,487,122.83568509939931,S1,3,Lys face
35,488,145.2088247295414,S1,3,Lys face
35,489,121.74607831045915,S1,3,Lys face
35,490,129.6858001927252,S1,3,Lys face
35,491,127.07375347085943,S1,3,Lys face
35,492,113.7465662693626,S1,3,Lys face
35,493,120.89426229733455,S1,3,Lys face
35,494,138.9196376222979,S1,3,Lys face
35,495,120.78001359301258,S1,3,Lys face
35,496,117.88156996950657,S1,3,Lys face
35,497,136.12194669183953,S1,3,Lys face
35,498,108.84325251683602,S1,3,Lys face
35,499,133.97334876049004,S1,3,Lys face
35,500,105.52795539789315,S1,3,Lys face
35,501,141.19043741573802,S1,3,Lys face
35,502,107.912865632798,S1,3,Lys face
35,503,133.85531531768493,S1,3,Lys face
35,504,158.42013254091967,other,3,Lys face
35,505,121.08580652961123,S1,3,Lys face
35,506,138.01348785836532,S1,3,Lys face
35,507,126.48615263462095,S1,3,Lys face
35,508,110.17007573523333,S1,3,Lys face
35,509,139.0224820793278,S1,3,Lys face
35,510,107.9421701006907,S1,3,Lys face
35,511,117.09321787039494,S1,3,Lys face
35,512,112.45140049831491,S1,3,Lys face
35,513,119.89146572913675,S1,3,Lys face
35,514,123.32460120265452,S1,3,Lys face
35,515,117.4921548606391,S1,3,Lys face
35,516,115.15475535025269,S1,3,Lys face
35,517,119.83260394742891,S1,3,Lys face
35,518,152.77781326653627,other,3,Lys face
35,519,112.64171334780343,S1,3,Lys face
35,520,113.72705274721203,S1,3,Lys face
35,521,120.9018590026255,S1,3,Lys face
35,522,101.67427932383708,S1,3,Lys face
35,523,107.11082316970202,S1,3,Lys face
35,524,114.25310184331872,S1,3,Lys face
35,525,126.58180995576966,S1,3,Lys face
35,526,137.79691466955603,S1,3,Lys face
35,527,126.93457358695584,S1,3,Lys face
35,528,127.07543897549242,S1,3,Lys face
35,529,152.98112511023604,other,3,Lys face
35,530,121.68634649603175,S1,3,Lys face
35,531,123.49066308467982,S1,3,Lys face
35,532,137.4412616353259,S1,3,Lys face
35,533,116.62063655258821,S1,3,Lys face
35,534,131.5603409930454,S1,3,Lys face
35,535,121.66475925729057,S1,3,Lys face
35,536,119.32179308658391,S1,3,Lys face
35,537,118.0142646869318,S1,3,Lys face
35,538,118.21353244421019,S1,3,Lys face
35,539,108.17171254406453,S1,3,Lys face
35,540,107.53243964696165,S1,3,Lys face
35,541,120.32659386371128,S1,3,Lys face
35,542,126.47629822796549,S1,3,Lys face
35,543,133.48486991134953,S1,3,Lys face
35,544,110.82429125934806,S1,3,Lys face
35,545,121.3741678065726,S1,3,Lys face
35,546,98.50128339308588,S1,3,Lys face
35,547,117.41609172251432,S1,3,Lys face
35,548,122.68429003771492,S1,3,Lys face
35,549,129.19361441403439,S1,3,Lys face
35,550,126.27295909554773,S1,3,Lys face
35,551,128.45779427691687,S1,3,Lys face
35,552,120.54068892911916,S1,3,Lys face
35,553,133.05034501756765,S1,3,Lys face
35,554,141.0936337997104,S1,3,Lys face
35,555,118.39092478178307,S1,3,Lys face
35,556,134.59109335195248,S1,3,Lys face
35,557,136.5024062470375,S1,3,Lys face
35,558,136.60466345488268,S1,3,Lys face
35,559,127.61856690272478,S1,3,Lys face
35,560,109.14497048219629,S1,3,Lys face
35,561,120.61787239693369,S1,3,Lys face
35,562,114.21662377672236,S1,3,Lys face
35,563,98.57757222251426,S1,3,Lys face
35,564,115.3636194604028,S1,3,Lys face
35,565,109.31223551334637,S1,3,Lys face
35,566,121.86272125972681,S1,1,loose / exposed
35,567,120.45554322520881,S1,3,Lys face
35,568,117.03865267163302,S1,3,Lys face
35,569,104.39368946998863,S1,3,Lys face
35,570,113.82388106665891,S1,3,Lys face
35,571,117.8855819487989,S1,3,Lys face
35,572,135.75714871557003,S1,3,Lys face
35,573,126.16038549798701,S1,3,Lys face
35,574,120.03968902866067,S1,3,Lys face
35,575,124.37460650186934,S1,3,Lys face
35,576,126.71000844702361,S1,3,Lys face
35,577,105.01979811630038,S1,3,Lys face
35,578,132.36915801030722,S1,3,Lys face
35,579,108.8148201682427,S1,3,Lys face
35,580,121.59663431394273,S1,3,Lys face
35,581,118.9671289413251,S1,3,Lys face
35,582,107.94202916073907,S1,3,Lys face
35,583,115.33595229276418,S1,3,Lys face
35,584,122.65064073274758,S1,3,Lys face
35,585,106.80462666846452,S1,3,Lys face
35,586,132.28537691501683,S1,3,Lys face
35,587,135.65265617040518,S1,3,Lys face
35,588,128.40823126590175,S1,3,Lys face
35,589,133.0895833840499,S1,3,Lys face
35,590,144.98584220382295,S1,3,Lys face
35,591,114.87060727539658,S1,3,Lys face
35,592,134.34982602889374,S1,3,Lys face
35,593,123.1968735845579,S1,3,Lys face
35,594,124.61720733053103,S1,3,Lys face
35,595,129.03836583611965,S1,3,Lys face
35,596,157.32129012158987,other,3,Lys face
35,597,120.56506331374959,S1,3,Lys face
35,598,134.10240367382482,S1,3,Lys face
35,599,118.94873872619793,S1,3,Lys face
35,600,123.54623177602085,S1,3,Lys face
35,601,133.85981111912758,S1,3,Lys face
35,602,110.5120909523507,S1,3,Lys face
35,603,121.87740335272306,S1,3,Lys face
35,604,132.6730080689551,S1,3,Lys face
35,605,126.16602352976605,S1,3,Lys face
35,606,113.12962736027507,S1,3,Lys face
35,607,116.57362597573483,S1,3,Lys face
35,608,122.89028271445824,S1,3,Lys face
35,609,106.11919267565557,S1,3,Lys face
35,610,114.54464524106592,S1,3,Lys face
35,611,134.10833372564198,S1,3,Lys face
35,612,127.78976928086935,S1,3,Lys face
35,613,121.45112837006579,S1,3,Lys face
35,614,115.04976431365847,S1,3,Lys face
35,615,119.58918033021173,S1,3,Lys face
35,616,111.95478448755037,S1,3,Lys face
35,617,124.29373187868258,S1,3,Lys face
35,618,130.57870644374793,S1,3,Lys face
35,619,137.4878545594064,S1,3,Lys face
35,620,139.64814937095406,S1,3,Lys face
35,621,113.38612019045611,S1,3,Lys face
35,622,116.21312106880366,S1,3,Lys face
35,623,121.54070510466538,S1,3,Lys face
35,624,136.15174446302825,S1,3,Lys face
35,625,130.92583713923614,S1,3,Lys face
35,626,94.36373380102533,S1,1,loose / exposed
35,627,111.7330069958125,S1,3,Lys face
35,628,104.79275774447662,S1,3,Lys face
35,629,102.4095746970177,S1,3,Lys face
35,630,114.47455657734078,S1,3,Lys face
35,631,113.05281343745152,S1,3,Lys face
35,632,111.69605519045398,S1,3,Lys face
35,633,130.33992892742992,S1,3,Lys face
35,634,121.19700192660837,S1,3,Lys face
35,635,127.20118382018683,S1,3,Lys face
35,636,118.14303092540828,S1,3,Lys face
35,637,128.00081404121934,S1,3,Lys face
35,638,126.33789421769207,S1,3,Lys face
35,639,107.86392332908808,S1,3,Lys face
35,640,125.60455905523465,S1,3,Lys face
35,641,129.95046637283687,S1,3,Lys face
35,642,115.45477172949884,S1,3,Lys face
35,643,114.43524780362526,S1,3,Lys face
35,644,107.96617663090821,S1,3,Lys face
35,645,134.4500867056752,S1,3,Lys face
35,646,132.07059695463357,S1,3,Lys face
35,647,129.800274798983,S1,3,Lys face
35,648,118.1996558362859,S1,3,Lys face
35,649,127.7888231811435,S1,3,Lys face
35,650,134.0498160601302,S1,3,Lys face
35,651,134.64758212880483,S1,3,Lys face
35,652,123.82179917836176,S1,3,Lys face
35,653,120.82845564743012,S1,3,Lys face
35,654,105.9178896757443,S1,3,Lys face
35,655,126.73954072217794,S1,3,Lys face
35,656,131.19200753858988,S1,3,Lys face
35,657,118.46407171637773,S1,3,Lys face
35,658,120.72228913373222,S1,3,Lys face
35,659,122.96385922020261,S1,3,Lys face
35,660,123.06834160603343,S1,3,Lys face
35,661,130.37670564675307,S1,3,Lys face
35,662,123.62224536388823,S1,3,Lys face
35,663,115.60373178278833,S1,3,Lys face
35,664,115.6170232433854,S1,3,Lys face
35,665,153.03995824053746,other,3,Lys face
35,666,128.1103734191585,S1,3,Lys face
35,667,138.12925401466936,S1,3,Lys face
35,668,133.62146497158807,S1,3,Lys face
35,669,125.26868732886881,S1,3,Lys face
35,670,128.0523959085299,S1,3,Lys face
35,671,119.68299112497525,S1,3,Lys face
35,672,128.21327428154453,S1,3,Lys face
35,673,115.95687433514422,S1,3,Lys face
35,674,132.2265432047567,S1,3,Lys face
35,675,115.31810946436562,S1,3,Lys face
35,676,110.42552367889553,S1,3,Lys face
35,677,104.11184521304249,S1,3,Lys face
35,678,120.88977062305142,S1,3,Lys face
35,679,114.52128538167672,S1,3,Lys face
35,680,117.76475469374276,S1,3,Lys face
35,681,129.88557545870793,S1,3,Lys face
35,682,110.87344677696804,S1,3,Lys face
35,683,125.89163018794606,S1,3,Lys face
35,684,120.87476760923327,S1,3,Lys face
35,685,131.3355135096072,S1,3,Lys face
35,686,124.8718041648464,S1,3,Lys face
35,687,128.71015334473407,S1,3,Lys face
35,688,136.50931185037342,S1,3,Lys face
35,689,118.86643369117766,S1,3,Lys face
35,690,128.30800205344914,S1,3,Lys face
35,691,136.4155063150499,S1,3,Lys face
35,692,124.34278528631938,S1,3,Lys face
35,693,113.73358639470649,S1,3,Lys face
35,694,127.11463835707532,S1,3,Lys face
35,695,135.7085082782763,S1,3,Lys face
35,696,130.45394837009772,S1,3,Lys face
35,697,128.6851103986301,S1,3,Lys face
35,698,148.04556498388604,S1,3,Lys face
35,699,122.09658709114643,S1,3,Lys face
35,700,140.63743442791562,S1,3,Lys face
35,701,120.21529797117272,S1,3,Lys face
35,702,113.286411752837,S1,3,Lys face
35,703,112.61701800130811,S1,3,Lys face
35,704,121.59663700036576,S1,3,Lys face
35,705,115.61061991335967,S1,3,Lys face
35,706,151.33778647127755,other,3,Lys face
35,707,129.45043463204797,S1,3,Lys face
35,708,121.34901804360499,S1,3,Lys face
35,709,137.6713104393856,S1,3,Lys face
35,710,130.0338650920338,S1,3,Lys face
35,711,111.88378887546767,S1,3,Lys face
35,712,134.4701292757408,S1,3,Lys face
35,713,118.38752992440725,S1,3,Lys face
35,714,120.93665802534711,S1,3,Lys face
35,715,121.40463026021155,S1,3,Lys face
35,716,132.1896940141072,S1,3,Lys face
35,717,112.53128327535794,S1,3,Lys face
35,718,135.85668013461142,S1,3,Lys face
35,719,127.43457541539509,S1,3,Lys face
35,720,120.01658314342886,S1,3,Lys face
35,721,116.70142153627901,S1,3,Lys face
35,722,114.03708685639415,S1,3,Lys face
35,723,115.23941483447251,S1,3,Lys face
35,724,133.15366999025665,S1,3,Lys face
35,725,120.28338818343857,S1,3,Lys face
35,726,120.51653079530313,S1,3,Lys face
35,727,136.4615695484835,S1,3,Lys face
35,728,121.51950136325208,S1,3,Lys face
35,729,115.74614263887474,S1,3,Lys face
35,730,128.67549406295362,S1,3,Lys face
35,731,124.0511322665089,S1,3,Lys face
35,732,143.2964985589824,S1,3,Lys face
35,733,163.903804700879,other,3,Lys face
35,734,120.26424446166074,S1,3,Lys face
35,735,101.38877859164606,S1,3,Lys face
35,736,110.61468094190751,S1,3,Lys face
35,737,138.52571240955982,S1,3,Lys face
35,738,125.75308901831467,S1,3,Lys face
35,739,132.4365406389052,S1,3,Lys face
35,740,122.14034755752783,S1,3,Lys face
35,741,100.0208529048221,S1,3,Lys face
35,742,128.2854697653144,S1,3,Lys face
35,743,132.03817747465988,S1,3,Lys face
35,744,119.69171362985729,S1,3,Lys face
35,745,115.4923671497865,S1,3,Lys face
35,746,107.43297017564046,S1,3,Lys face
35,747,122.50471804219957,S1,3,Lys face
35,748,135.51909728827403,S1,3,Lys face
35,749,129.61734515780523,S1,3,Lys face
35,750,108.65288905331666,S1,3,Lys face
35,751,115.06505705513361,S1,3,Lys face
35,752,117.49431896354221,S1,3,Lys face
35,753,130.5569577975956,S1,3,Lys face
35,754,119.29872363069919,S1,3,Lys face
35,755,110.5227951967305,S1,3,Lys face
35,756,113.4467891142363,S1,3,Lys face
35,757,134.0396664375588,S1,3,Lys face
35,758,118.72763554651922,S1,3,Lys face
35,759,133.71840949577145,S1,3,Lys face
35,760,123.57723381465888,S1,3,Lys face
35,761,129.02138228412963,S1,3,Lys face
35,762,115.40482905720938,S1,3,Lys face
35,763,127.72647680904973,S1,3,Lys face
35,764,119.22438401572435,S1,3,Lys face
35,765,107.20290469486967,S1,3,Lys face
35,766,95.94208128627326,S1,3,Lys face
35,767,101.72382631009431,S1,3,Lys face
35,768,125.67481439357252,S1,3,Lys face
35,769,112.37767703440443,S1,3,Lys face
35,770,145.03088862200892,S1,3,Lys face
35,771,121.99948876389095,S1,3,Lys face
35,772,110.21741019517995,S1,3,Lys face
35,773,114.6528664299694,S1,3,Lys face
35,774,122.86973190044826,S1,3,Lys face
35,775,139.6875406235581,S1,3,Lys face
35,776,114.06270757955497,S1,3,Lys face
35,777,130.6762282227563,S1,3,Lys face
35,778,120.2319051290605,S1,3,Lys face
35,779,112.06466386942988,S1,3,Lys face
35,780,111.61239261555949,S1,3,Lys face
35,781,119.01499342150684,S1,3,Lys face
35,782,122.81214032635476,S1,1,loose / exposed
35,783,121.55673933232684,S1,3,Lys face
35,784,126.75412869059895,S1,3,Lys face
35,785,130.24599885079482,S1,3,Lys face
35,786,113.32770741041116,S1,3,Lys face
35,787,124.09929598279518,S1,3,Lys face
35,788,123.99643938596542,S1,3,Lys face
35,789,119.13397299925033,S1,3,Lys face
35,790,126.59335075419624,S1,3,Lys face
35,791,119.84833197731422,S1,3,Lys face
35,792,103.71469750698766,S1,3,Lys face
35,793,149.34938434646762,S1,3,Lys face
35,794,127.70968934390227,S1,3,Lys face
35,795,111.5939739647794,S1,3,Lys face
35,796,128.16017104488552,S1,3,Lys face
35,797,121.11896627984284,S1,3,Lys face
35,798,131.46842544980842,S1,3,Lys face
35,799,111.74218864894138,S1,3,Lys face
35,800,117.97517349880027,S1,3,Lys face
35,801,143.58737828045486,S1,3,Lys face
35,802,133.87543469824485,S1,3,Lys face
35,803,126.02793759945249,S1,3,Lys face
35,804,128.61121618460777,S1,3,Lys face
35,805,121.06768459490476,S1,3,Lys face
35,806,143.42654911660625,S1,3,Lys face
35,807,125.00321786230273,S1,3,Lys face
35,808,145.0461084076894,S1,3,Lys face
35,809,130.3771808188727,S1,3,Lys face
35,810,108.91860064270729,S1,3,Lys face
35,811,124.50392724679335,S1,3,Lys face
35,812,101.33198306450694,S1,3,Lys face
35,813,126.81603891736913,S1,3,Lys face
35,814,117.0794577422014,S1,3,Lys face
35,815,115.92776328469625,S1,3,Lys face
35,816,127.16823717325605,S1,3,Lys face
35,817,133.39430914764534,S1,3,Lys face
35,818,138.8980027548727,S1,3,Lys face
35,819,110.87234201366907,S1,3,Lys face
35,820,129.15804184949926,S1,3,Lys face
35,821,148.15981831763762,S1,3,Lys face
35,822,122.1224197408713,S1,3,Lys face
35,823,121.8108476586213,S1,3,Lys face
35,824,121.36223053058362,S1,3,Lys face
35,825,121.72321838013451,S1,3,Lys face
35,826,115.85012027397197,S1,3,Lys face
35,827,128.81480438968583,S1,3,Lys face
35,828,122.3119640514624,S1,3,Lys face
35,829,114.79757828781963,S1,3,Lys face
35,830,123.29812587098326,S1,3,Lys face
35,831,128.8505925806485,S1,3,Lys face
35,832,119.85101159808023,S1,3,Lys face
35,833,130.0524238979177,S1,3,Lys face
35,834,133.83322063216286,S1,3,Lys face
35,835,139.23327961301132,S1,3,Lys face
35,836,125.96582655720843,S1,3,Lys face
35,837,125.58898401923928,S1,3,Lys face
35,838,114.649035101908,S1,3,Lys face
35,839,105.21011298273606,S1,1,loose / exposed
35,840,128.85541427661724,S1,3,Lys face
35,841,112.00501393651295,S1,3,Lys face
35,842,121.05915255032232,S1,3,Lys face
35,843,118.96709363357765,S1,3,Lys face
35,844,113.75925743696652,S1,3,Lys face
35,845,123.17448985592758,S1,3,Lys face
35,846,110.78505229713961,S1,3,Lys face
35,847,117.71008436526876,S1,3,Lys face
35,848,136.79281562094008,S1,3,Lys face
35,849,119.8350068302809,S1,3,Lys face
35,850,112.84647100946292,S1,3,Lys face
35,851,121.4066610302381,S1,3,Lys face
35,852,125.12402104849475,S1,3,Lys face
35,853,114.14175116872563,S1,3,Lys face
35,854,107.69769712046282,S1,3,Lys face
35,855,113.16952113675909,S1,3,Lys face
35,856,142.34177471642968,S1,3,Lys face
35,857,132.81585272083115,S1,3,Lys face
35,858,116.18791884099052,S1,3,Lys face
35,859,134.82764186190465,S1,3,Lys face
35,860,114.91718766969615,S1,3,Lys face
35,861,108.55104457662999,S1,3,Lys face
35,862,115.62300463273317,S1,3,Lys face
35,863,104.45205899518514,S1,3,Lys face
35,864,118.01380095361286,S1,3,Lys face
35,865,121.40618179781623,S1,3,Lys face
35,866,138.16442441611554,S1,3,Lys face
35,867,131.99166713775634,S1,3,Lys face
35,868,132.20086328227285,S1,3,Lys face
35,869,118.35923215083582,S1,3,Lys face
35,870,140.1279592799099,S1,3,Lys face
35,871,125.37048299937905,S1,3,Lys face
35,872,129.5744444616744,S1,3,Lys face
35,873,126.83004840158863,S1,3,Lys face
35,874,145.47002712836914,S1,3,Lys face
35,875,128.1933887957412,S1,3,Lys face
35,876,136.62320332838118,S1,3,Lys face
35,877,102.78829187848184,S1,3,Lys face
35,878,96.78620255666205,S1,3,Lys face
35,879,129.769392064301,S1,3,Lys face
35,880,119.6667578866319,S1,3,Lys face
35,881,150.99984603525726,other,3,Lys face
35,882,122.33010605962747,S1,3,Lys face
35,883,147.5858901105531,S1,3,Lys face
35,884,122.90199864621594,S1,3,Lys face
35,885,108.9461041556318,S1,3,Lys face
35,886,94.57755881543967,S1,3,Lys face
35,887,120.09296481750846,S1,1,loose / exposed
35,888,118.16951778496171,S1,3,Lys face
35,889,128.9444060490018,S1,3,Lys face
35,890,114.67633044628384,S1,3,Lys face
35,891,124.6757597938908,S1,3,Lys face
35,892,112.18465174628538,S1,3,Lys face
35,893,125.11723036337033,S1,3,Lys face
35,894,141.58822568209536,S1,3,Lys face
35,895,107.92557513764125,S1,3,Lys face
35,896,134.16867997876136,S1,3,Lys face
35,897,115.73965622462246,S1,3,Lys face
35,898,111.26848912492775,S1,3,Lys face
35,899,113.76103792055521,S1,3,Lys face
35,900,107.6007862911173,S1,3,Lys face
35,901,135.7099541418953,S1,3,Lys face
35,902,118.27204880992792,S1,3,Lys face
35,903,121.72751887707263,S1,3,Lys face
35,904,122.54130806069513,S1,3,Lys face
35,905,136.9377162402794,S1,3,Lys face
35,906,119.68449000717226,S1,3,Lys face
35,907,107.17488706233215,S1,3,Lys face
35,908,111.08253579690417,S1,3,Lys face
35,909,114.2685397679568,S1,3,Lys face
35,910,134.74272296669568,S1,3,Lys face
35,911,119.16147098144761,S1,3,Lys face
35,912,113.24133275234823,S1,3,Lys face
35,913,112.61069213326411,S1,3,Lys face
35,914,113.20461354556733,S1,3,Lys face
35,915,125.01749035433274,S1,3,Lys face
35,916,116.74709132917424,S1,3,Lys face
35,917,138.32954112958097,S1,3,Lys face
35,918,146.50696950868817,S1,1,loose / exposed
35,919,119.34672243646632,S1,3,Lys face
35,920,115.77819569621366,S1,3,Lys face
35,921,110.41655507877817,S1,3,Lys face
35,922,122.43553602879372,S1,3,Lys face
35,923,114.40523553788456,S1,3,Lys face
35,924,106.6053686422482,S1,3,Lys face
35,925,115.18940203613325,S1,3,Lys face
35,926,140.0760675406997,S1,3,Lys face
35,927,131.52532149575484,S1,3,Lys face
35,928,127.22657549577949,S1,3,Lys face
35,929,139.5270630059747,S1,3,Lys face
35,930,115.12184208220397,S1,3,Lys face
35,931,135.79740366549115,S1,3,Lys face
35,932,118.2085005375046,S1,3,Lys face
35,933,131.5498902232226,S1,3,Lys face
35,934,124.31540431944607,S1,3,Lys face
35,935,113.16492708187045,S1,1,loose / exposed
35,936,117.26085521863953,S1,3,Lys face
35,937,128.50817568141412,S1,3,Lys face
35,938,158.6987788417799,other,3,Lys face
35,939,132.45049187536577,S1,3,Lys face
35,940,138.32117175486943,S1,3,Lys face
35,941,106.57315148139133,S1,3,Lys face
35,942,125.73589293869652,S1,3,Lys face
35,943,130.28472954674731,S1,3,Lys face
35,944,138.44544786791454,S1,3,Lys face
35,945,109.24940455485844,S1,3,Lys face
35,946,118.80572580199465,S1,1,loose / exposed
35,947,107.00850382247941,S1,3,Lys face
35,948,136.23006405912113,S1,3,Lys face
35,949,113.65264925865829,S1,3,Lys face
35,950,108.21476533900363,S1,3,Lys face
35,951,123.32881111496229,S1,3,Lys face
35,952,129.3780765723894,S1,3,Lys face
35,953,117.24662375821,S1,3,Lys face
35,954,123.03185251599822,S1,3,Lys face
35,955,131.91632778192402,S1,3,Lys face
35,956,127.15993348806796,S1,3,Lys face
35,957,129.73514283497968,S1,3,Lys face
35,958,119.74313890324855,S1,3,Lys face
35,959,116.93982036584835,S1,3,Lys face
35,960,98.88727494047797,S1,3,Lys face
35,961,139.45369577712887,S1,3,Lys face
35,962,126.84402846625389,S1,3,Lys face
35,963,111.95242625919259,S1,3,Lys face
35,964,126.77077290464443,S1,3,Lys face
35,965,131.63222671449364,S1,3,Lys face
35,966,95.56826544704164,S1,1,loose / exposed
35,967,110.90481730796861,S1,3,Lys face
35,968,115.16807854235698,S1,3,Lys face
35,969,143.3447527290588,S1,3,Lys face
35,970,114.25099609906368,S1,3,Lys face
35,971,117.08713072348827,S1,3,Lys face
35,972,118.15315149490222,S1,3,Lys face
35,973,109.20556701167152,S1,3,Lys face
35,974,117.03066314054736,S1,3,Lys face
35,975,123.17926754070506,S1,3,Lys face
35,976,120.53373423577366,S1,3,Lys face
35,977,128.62713940257123,S1,3,Lys face
35,978,125.81378207737667,S1,3,Lys face
35,979,109.04966550313284,S1,3,Lys face
35,980,123.80345536401704,S1,3,Lys face
35,981,106.84304210514968,S1,3,Lys face
35,982,117.13921253364876,S1,3,Lys face
35,983,136.44508434917856,S1,3,Lys face
35,984,119.97599401012491,S1,3,Lys face
35,985,131.98743634798643,S1,3,Lys face
35,986,111.24206753001476,S1,3,Lys face
35,987,123.22727036996348,S1,3,Lys face
35,988,132.45507057331588,S1,3,Lys face
35,989,123.05873326835534,S1,3,Lys face
35,990,117.96560420143079,S1,3,Lys face
35,991,115.29191935721428,S1,3,Lys face
35,992,132.86570094507476,S1,3,Lys face
35,993,101.7767094715847,S1,3,Lys face
35,994,122.77358236771346,S1,3,Lys face
35,995,129.82549022498083,S1,3,Lys face
35,996,107.7739445395697,S1,3,Lys face
35,997,120.74266022958521,S1,3,Lys face
35,998,124.65993425109474,S1,3,Lys face
35,999,149.1302853272502,S1,3,Lys face
35,1000,123.96636288362522,S1,3,Lys face
40,0,72.24231067551581,S1,2,Gln132 pocket
40,1,51.098053622914854,S1,2,Gln132 pocket
40,2,42.695350699617386,other,2,Gln132 pocket
40,3,32.17174529963623,other,2,Gln132 pocket
40,4,92.82952313688716,S1,2,Gln132 pocket
40,5,54.654214605054754,S1,2,Gln132 pocket
40,6,47.92422011453118,other,2,Gln132 pocket
40,7,40.921986378092306,other,2,Gln132 pocket
40,8,90.3056395022303,S1,2,Gln132 pocket
40,9,75.96703718037324,S1,2,Gln132 pocket
40,10,70.09525390455605,S1,2,Gln132 pocket
40,11,63.89779642584465,S1,2,Gln132 pocket
40,12,72.68515682148056,S1,2,Gln132 pocket
40,13,90.7677668124015,S1,2,Gln132 pocket
40,14,94.46708206034484,S1,2,Gln132 pocket
40,15,43.212163352580774,other,1,loose / exposed
40,16,79.93439921081979,S1,2,Gln132 pocket
40,17,109.23681675336634,S1,2,Gln132 pocket
40,18,79.99042669694087,S1,2,Gln132 pocket
40,19,73.93939891389782,S1,2,Gln132 pocket
40,20,105.43428273133213,S1,2,Gln132 pocket
40,21,70.31861482336093,S1,2,Gln132 pocket
40,22,85.50012802547661,S1,2,Gln132 pocket
40,23,76.74075240485337,S1,2,Gln132 pocket
40,24,59.76329968285859,S1,2,Gln132 pocket
40,25,72.06234317718686,S1,2,Gln132 pocket
40,26,75.8662207505459,S1,2,Gln132 pocket
40,27,88.9692425239505,S1,2,Gln132 pocket
40,28,77.30100537863736,S1,2,Gln132 pocket
40,29,72.70295852917451,S1,2,Gln132 pocket
40,30,70.28703937567604,S1,1,loose / exposed
40,31,72.04188462218272,S1,2,Gln132 pocket
40,32,76.01700260445891,S1,2,Gln132 pocket
40,33,30.679306484390104,other,2,Gln132 pocket
40,34,64.80334654325205,S1,1,loose / exposed
40,35,41.25886716743042,other,2,Gln132 pocket
40,36,72.56513079753283,S1,2,Gln132 pocket
40,37,56.125555533856165,S1,2,Gln132 pocket
40,38,40.27555944884531,other,2,Gln132 pocket
40,39,32.29177376117095,other,2,Gln132 pocket
40,40,71.22496512710046,S1,2,Gln132 pocket
40,41,42.077312725977244,other,2,Gln132 pocket
40,42,65.30607294137135,S1,2,Gln132 pocket
40,43,68.03173207346867,S1,1,loose / exposed
40,44,82.18280665113136,S1,2,Gln132 pocket
40,45,112.9978174819691,S1,2,Gln132 pocket
40,46,45.171273136001766,other,2,Gln132 pocket
40,47,77.51426599681557,S1,2,Gln132 pocket
40,48,81.58502321775741,S1,2,Gln132 pocket
40,49,67.64970789138737,S1,2,Gln132 pocket
40,50,74.5993662970428,S1,2,Gln132 pocket
40,51,81.48045956922385,S1,2,Gln132 pocket
40,52,54.31535303202793,S1,2,Gln132 pocket
40,53,76.24930681989834,S1,2,Gln132 pocket
40,54,31.164948588257857,other,2,Gln132 pocket
40,55,94.06956875337819,S1,2,Gln132 pocket
40,56,75.59659136753741,S1,2,Gln132 pocket
40,57,77.8792175652239,S1,2,Gln132 pocket
40,58,53.86939909339396,S1,1,loose / exposed
40,59,55.57027221202057,S1,2,Gln132 pocket
40,60,41.994787752376716,other,2,Gln132 pocket
40,61,81.43042607237123,S1,2,Gln132 pocket
40,62,34.85368826011213,other,2,Gln132 pocket
40,63,36.483000652666206,other,2,Gln132 pocket
40,64,53.13443042749293,S1,2,Gln132 pocket
40,65,53.867439864302945,S1,2,Gln132 pocket
40,66,89.14506824400718,S1,2,Gln132 pocket
40,67,103.29106909287408,S1,2,Gln132 pocket
40,68,69.7729851003017,S1,2,Gln132 pocket
40,69,69.31675382806895,S1,2,Gln132 pocket
40,70,55.172497719485726,S1,2,Gln132 pocket
40,71,79.83715170574831,S1,2,Gln132 pocket
40,72,24.268555626912164,other,2,Gln132 pocket
40,73,44.92879425330843,other,2,Gln132 pocket
40,74,28.49572196544571,other,1,loose / exposed
40,75,92.73022622433082,S1,2,Gln132 pocket
40,76,60.619327209178266,S1,2,Gln132 pocket
40,77,81.79565850774875,S1,2,Gln132 pocket
40,78,27.608803428018028,other,2,Gln132 pocket
40,79,80.81361311539884,S1,2,Gln132 pocket
40,80,74.27156877701358,S1,2,Gln132 pocket
40,81,32.24831838996824,other,1,loose / exposed
40,82,66.19474139896843,S1,2,Gln132 pocket
40,83,111.04862891150276,S1,2,Gln132 pocket
40,84,73.62991569441483,S1,2,Gln132 pocket
40,85,89.80111643881894,S1,2,Gln132 pocket
40,86,73.87806793812514,S1,2,Gln132 pocket
40,87,75.3001838781019,S1,2,Gln132 pocket
40,88,84.68092584339462,S1,2,Gln132 pocket
40,89,80.28036671820057,S1,2,Gln132 pocket
40,90,65.97557232393737,S1,2,Gln132 pocket
40,91,48.40891534659939,other,2,Gln132 pocket
40,92,43.75455240961467,other,2,Gln132 pocket
40,93,41.89193485727434,other,2,Gln132 pocket
40,94,81.6652665842652,S1,2,Gln132 pocket
40,95,80.87846416334618,S1,2,Gln132 pocket
40,96,-13.11380333513677,other,1,loose / exposed
40,97,72.87557824490585,S1,2,Gln132 pocket
40,98,67.38537622691848,S1,1,loose / exposed
40,99,81.35411898848537,S1,2,Gln132 pocket
40,100,86.36020633198156,S1,2,Gln132 pocket
40,101,73.11624805396168,S1,2,Gln132 pocket
40,102,80.35953855790721,S1,2,Gln132 pocket
40,103,92.06053135817443,S1,2,Gln132 pocket
40,104,51.20777870982684,S1,2,Gln132 pocket
40,105,-125.35263415222427,S3,1,loose / exposed
40,106,-92.67171872775299,S3,2,Gln132 pocket
40,107,-86.81811721909752,S2,1,loose / exposed
40,108,-112.86189045538082,S3,1,loose / exposed
40,109,-76.15616771326934,S2,1,loose / exposed
40,110,-124.48211348855847,S3,2,Gln132 pocket
40,111,-131.13417775063098,S3,1,loose / exposed
40,112,-92.01476246472174,S3,2,Gln132 pocket
40,113,-105.21628976433483,S3,2,Gln132 pocket
40,114,-112.87465646569339,S3,2,Gln132 pocket
40,115,-78.33274140561487,S2,2,Gln132 pocket
40,116,-84.71213617305239,S2,2,Gln132 pocket
40,117,-93.9828367015666,S3,1,loose / exposed
40,118,-125.72751531445311,S3,2,Gln132 pocket
40,119,-112.68397184839053,S3,2,Gln132 pocket
40,120,-155.9683152923484,S3,2,Gln132 pocket
40,121,-129.88217072884467,S3,2,Gln132 pocket
40,122,-129.9306073642254,S3,2,Gln132 pocket
40,123,95.62214870578643,S1,2,Gln132 pocket
40,124,112.0559013522388,S1,1,loose / exposed
40,125,155.9611212699094,other,1,loose / exposed
40,126,119.22284220665598,S1,1,loose / exposed
40,127,125.30800288661437,S1,1,loose / exposed
40,128,89.94848351003827,S1,2,Gln132 pocket
40,129,117.82289385599132,S1,1,loose / exposed
40,130,124.56571899616145,S1,1,loose / exposed
40,131,115.93192742241219,S1,1,loose / exposed
40,132,130.03631040924168,S1,1,loose / exposed
40,133,-127.87938882318169,S3,2,Gln132 pocket
40,134,-108.3871658993346,S3,2,Gln132 pocket
40,135,-130.7350051519506,S3,2,Gln132 pocket
40,136,-143.63675447409645,S3,2,Gln132 pocket
40,137,-98.82223745329917,S3,2,Gln132 pocket
40,138,-109.02281732848812,S3,2,Gln132 pocket
40,139,-92.86673528224497,S3,2,Gln132 pocket
40,140,-120.9698023463142,S3,2,Gln132 pocket
40,141,-110.05956406606396,S3,2,Gln132 pocket
40,142,-119.44478047167158,S3,2,Gln132 pocket
40,143,-104.8264590286062,S3,2,Gln132 pocket
40,144,-92.56698220787251,S3,2,Gln132 pocket
40,145,-101.07347351446076,S3,2,Gln132 pocket
40,146,-108.95193739416284,S3,2,Gln132 pocket
40,147,-130.08906385772255,S3,2,Gln132 pocket
40,148,-117.99070056864744,S3,2,Gln132 pocket
40,149,-104.87329390188496,S3,2,Gln132 pocket
40,150,-125.80150755101101,S3,2,Gln132 pocket
40,151,-141.8407161886073,S3,2,Gln132 pocket
40,152,-120.43555959849061,S3,2,Gln132 pocket
40,153,-143.99411405842656,S3,2,Gln132 pocket
40,154,-120.74321255345897,S3,2,Gln132 pocket
40,155,-120.85893354306879,S3,2,Gln132 pocket
40,156,-98.51472097430025,S3,2,Gln132 pocket
40,157,-128.00188355558956,S3,2,Gln132 pocket
40,158,-118.11412163011431,S3,2,Gln132 pocket
40,159,-146.17672687946592,S3,2,Gln132 pocket
40,160,-123.07941276884955,S3,2,Gln132 pocket
40,161,-117.6998412969924,S3,2,Gln132 pocket
40,162,-120.45647177665818,S3,2,Gln132 pocket
40,163,-119.05605577244707,S3,2,Gln132 pocket
40,164,-129.3500872578003,S3,2,Gln132 pocket
40,165,-124.12364907989956,S3,2,Gln132 pocket
40,166,-119.70695277000628,S3,2,Gln132 pocket
40,167,-133.66751154079168,S3,2,Gln132 pocket
40,168,-119.05515158590673,S3,2,Gln132 pocket
40,169,-123.24135131612772,S3,2,Gln132 pocket
40,170,-111.4609499001998,S3,2,Gln132 pocket
40,171,-107.55971648768642,S3,2,Gln132 pocket
40,172,-93.1953184284978,S3,2,Gln132 pocket
40,173,-145.77320858409217,S3,2,Gln132 pocket
40,174,-117.05163417848776,S3,2,Gln132 pocket
40,175,-103.93367769262665,S3,2,Gln132 pocket
40,176,-122.32025231898521,S3,2,Gln132 pocket
40,177,-142.9493802829627,S3,2,Gln132 pocket
40,178,-125.66388918625492,S3,2,Gln132 pocket
40,179,-122.74895548194004,S3,2,Gln132 pocket
40,180,-104.69384485002303,S3,2,Gln132 pocket
40,181,-96.64183186142787,S3,2,Gln132 pocket
40,182,-110.08352310294993,S3,2,Gln132 pocket
40,183,-129.49857035621227,S3,2,Gln132 pocket
40,184,-114.52010800143654,S3,2,Gln132 pocket
40,185,-125.88734343420725,S3,2,Gln132 pocket
40,186,-103.04417260232258,S3,2,Gln132 pocket
40,187,-127.80623777477773,S3,2,Gln132 pocket
40,188,-112.52575394739415,S3,2,Gln132 pocket
40,189,-133.14764482847124,S3,2,Gln132 pocket
40,190,-123.59814360980195,S3,2,Gln132 pocket
40,191,-112.67006729658023,S3,2,Gln132 pocket
40,192,-102.1288044033847,S3,2,Gln132 pocket
40,193,-106.7629829893429,S3,2,Gln132 pocket
40,194,-132.22568331431182,S3,2,Gln132 pocket
40,195,-130.40761514717258,S3,2,Gln132 pocket
40,196,-118.73053447455965,S3,2,Gln132 pocket
40,197,-120.06998550343734,S3,2,Gln132 pocket
40,198,-128.5707557067751,S3,2,Gln132 pocket
40,199,-108.97099565741088,S3,2,Gln132 pocket
40,200,-106.62271205420005,S3,2,Gln132 pocket
40,201,-114.67496104834905,S3,2,Gln132 pocket
40,202,-141.07041347804514,S3,2,Gln132 pocket
40,203,-117.64259341378182,S3,2,Gln132 pocket
40,204,-115.17041418624287,S3,2,Gln132 pocket
40,205,-128.31046615541248,S3,2,Gln132 pocket
40,206,-126.56401327566991,S3,2,Gln132 pocket
40,207,-122.59021585362369,S3,2,Gln132 pocket
40,208,-100.19284434906433,S3,2,Gln132 pocket
40,209,-137.17809101566644,S3,2,Gln132 pocket
40,210,-147.62855285223475,S3,2,Gln132 pocket
40,211,-131.01675504460457,S3,2,Gln132 pocket
40,212,-144.15107713232354,S3,2,Gln132 pocket
40,213,-131.02822861265736,S3,2,Gln132 pocket
40,214,-113.65068145303097,S3,2,Gln132 pocket
40,215,-135.69433100143243,S3,2,Gln132 pocket
40,216,-111.20591532684952,S3,2,Gln132 pocket
40,217,-131.89019094134937,S3,2,Gln132 pocket
40,218,-115.50023328173582,S3,2,Gln132 pocket
40,219,-122.3879744585615,S3,2,Gln132 pocket
40,220,-143.6088428978557,S3,2,Gln132 pocket
40,221,-116.59614372286458,S3,2,Gln132 pocket
40,222,-102.84710453739636,S3,2,Gln132 pocket
40,223,-126.67254046221058,S3,2,Gln132 pocket
40,224,-150.56176785295858,S3,2,Gln132 pocket
40,225,-103.22909459116346,S3,2,Gln132 pocket
40,226,-119.23660899824657,S3,2,Gln132 pocket
40,227,-141.47862689553486,S3,2,Gln132 pocket
40,228,-116.64726245516164,S3,2,Gln132 pocket
40,229,-110.45269956070129,S3,2,Gln132 pocket
40,230,-115.33375907231047,S3,2,Gln132 pocket
40,231,-117.64632450474767,S3,2,Gln132 pocket
40,232,-140.2289127625085,S3,2,Gln132 pocket
40,233,-119.02079392504177,S3,2,Gln132 pocket
40,234,-118.66359579724273,S3,2,Gln132 pocket
40,235,-135.97996347314037,S3,2,Gln132 pocket
40,236,-93.81072852422984,S3,2,Gln132 pocket
40,237,-128.86570780089056,S3,2,Gln132 pocket
40,238,-140.6861678152112,S3,2,Gln132 pocket
40,239,-147.25079923707355,S3,2,Gln132 pocket
40,240,-113.70784239896503,S3,2,Gln132 pocket
40,241,-107.08005909022829,S3,1,loose / exposed
40,242,-93.4719972607581,S3,1,loose / exposed
40,243,-122.39565079156537,S3,2,Gln132 pocket
40,244,-96.22265667879509,S3,2,Gln132 pocket
40,245,-69.3724953832298,S2,2,Gln132 pocket
40,246,-78.00991519670215,S2,2,Gln132 pocket
40,247,-57.24616857471228,S2,1,loose / exposed
40,248,-56.94489556913864,S2,2,Gln132 pocket
40,249,-115.70022763327445,S3,2,Gln132 pocket
40,250,-121.7663278147569,S3,2,Gln132 pocket
40,251,-128.8121932229853,S3,2,Gln132 pocket
40,252,-114.20006194834741,S3,2,Gln132 pocket
40,253,-120.94603574222447,S3,2,Gln132 pocket
40,254,-110.09119023078843,S3,2,Gln132 pocket
40,255,-118.19525463750134,S3,2,Gln132 pocket
40,256,-109.68858571285685,S3,2,Gln132 pocket
40,257,-145.51147841302105,S3,2,Gln132 pocket
40,258,-147.1995582256317,S3,2,Gln132 pocket
40,259,-121.99840045668954,S3,2,Gln132 pocket
40,260,-128.16938141224495,S3,2,Gln132 pocket
40,261,-137.9516098453317,S3,2,Gln132 pocket
40,262,-123.62239740498981,S3,2,Gln132 pocket
40,263,-136.85430342655172,S3,2,Gln132 pocket
40,264,-147.21326866758108,S3,2,Gln132 pocket
40,265,-126.94362617094097,S3,2,Gln132 pocket
40,266,-134.40510013625186,S3,1,loose / exposed
40,267,-106.59014076274798,S3,2,Gln132 pocket
40,268,-97.55947393480662,S3,2,Gln132 pocket
40,269,-142.24143998312346,S3,2,Gln132 pocket
40,270,-141.6791168773719,S3,2,Gln132 pocket
40,271,-83.2907647069524,S2,2,Gln132 pocket
40,272,-104.5475845313265,S3,2,Gln132 pocket
40,273,-95.90583410694563,S3,2,Gln132 pocket
40,274,-72.45889695311578,S2,2,Gln132 pocket
40,275,-93.98530888012658,S3,2,Gln132 pocket
40,276,-137.26639385785242,S3,2,Gln132 pocket
40,277,-145.36396481112482,S3,2,Gln132 pocket
40,278,-87.3468352402484,S2,2,Gln132 pocket
40,279,-131.2280458399569,S3,2,Gln132 pocket
40,280,-126.54242194777285,S3,2,Gln132 pocket
40,281,-130.26537191742486,S3,2,Gln132 pocket
40,282,-128.6165952610737,S3,2,Gln132 pocket
40,283,-110.43955280832668,S3,2,Gln132 pocket
40,284,-104.55388102159782,S3,2,Gln132 pocket
40,285,-123.62647216474765,S3,2,Gln132 pocket
40,286,-110.22889627980298,S3,2,Gln132 pocket
40,287,-133.08204364300408,S3,2,Gln132 pocket
40,288,-106.06169239366967,S3,2,Gln132 pocket
40,289,-133.5062619403834,S3,2,Gln132 pocket
40,290,-112.31402282341256,S3,2,Gln132 pocket
40,291,-147.73783458182206,S3,2,Gln132 pocket
40,292,-132.42438381560993,S3,2,Gln132 pocket
40,293,-149.24983875724286,S3,2,Gln132 pocket
40,294,-122.3619889699008,S3,2,Gln132 pocket
40,295,-118.34830501577042,S3,2,Gln132 pocket
40,296,-111.98170899586715,S3,2,Gln132 pocket
40,297,-107.47057794081007,S3,2,Gln132 pocket
40,298,-95.94259746201385,S3,2,Gln132 pocket
40,299,-108.43940780970581,S3,2,Gln132 pocket
40,300,-152.5093458633222,S3,2,Gln132 pocket
40,301,-99.56107622830869,S3,2,Gln132 pocket
40,302,-118.52179765965471,S3,2,Gln132 pocket
40,303,-116.41630699092602,S3,2,Gln132 pocket
40,304,-115.90798178474061,S3,2,Gln132 pocket
40,305,-118.94700340787773,S3,2,Gln132 pocket
40,306,-106.60401614980972,S3,2,Gln132 pocket
40,307,-92.60075640163942,S3,2,Gln132 pocket
40,308,-91.19897834497898,S3,2,Gln132 pocket
40,309,-102.68465989420413,S3,2,Gln132 pocket
40,310,-130.82866002871154,S3,2,Gln132 pocket
40,311,-86.5164739067739,S2,2,Gln132 pocket
40,312,-127.6496168236399,S3,2,Gln132 pocket
40,313,-117.12444511096321,S3,2,Gln132 pocket
40,314,-136.47597717614556,S3,2,Gln132 pocket
40,315,-84.75485603459211,S2,2,Gln132 pocket
40,316,-119.54419286795014,S3,2,Gln132 pocket
40,317,-115.95529539862379,S3,2,Gln132 pocket
40,318,-119.24824735823402,S3,2,Gln132 pocket
40,319,-100.45349738665618,S3,2,Gln132 pocket
40,320,-97.08070879309138,S3,2,Gln132 pocket
40,321,56.72688113727782,S1,1,loose / exposed
40,322,99.18381879189452,S1,2,Gln132 pocket
40,323,83.13940427531882,S1,2,Gln132 pocket
40,324,22.80081910222521,other,2,Gln132 pocket
40,325,91.8552770411415,S1,2,Gln132 pocket
40,326,89.50626935754497,S1,2,Gln132 pocket
40,327,83.4622457200206,S1,2,Gln132 pocket
40,328,102.85211542066536,S1,2,Gln132 pocket
40,329,61.13082320634511,S1,2,Gln132 pocket
40,330,84.94166521088066,S1,2,Gln132 pocket
40,331,21.264901198633602,other,2,Gln132 pocket
40,332,87.90372002307404,S1,2,Gln132 pocket
40,333,64.09375148093388,S1,2,Gln132 pocket
40,334,36.74121125604228,other,2,Gln132 pocket
40,335,83.96580243986105,S1,2,Gln132 pocket
40,336,62.14894835515374,S1,2,Gln132 pocket
40,337,74.1413853629005,S1,2,Gln132 pocket
40,338,78.446725440374,S1,2,Gln132 pocket
40,339,108.60995181866919,S1,2,Gln132 pocket
40,340,109.72408217025031,S1,2,Gln132 pocket
40,341,90.020277874798,S1,2,Gln132 pocket
40,342,65.33954515741004,S1,2,Gln132 pocket
40,343,81.31267405691459,S1,2,Gln132 pocket
40,344,96.87595583811971,S1,2,Gln132 pocket
40,345,105.77622250889654,S1,2,Gln132 pocket
40,346,46.00353578956196,other,2,Gln132 pocket
40,347,62.94232616546569,S1,2,Gln132 pocket
40,348,54.59576995853574,S1,2,Gln132 pocket
40,349,65.68365347366868,S1,2,Gln132 pocket
40,350,86.18373693719778,S1,2,Gln132 pocket
40,351,70.57076433275334,S1,2,Gln132 pocket
40,352,62.76941622615224,S1,2,Gln132 pocket
40,353,52.6675847703753,S1,2,Gln132 pocket
40,354,77.23025562230156,S1,2,Gln132 pocket
40,355,54.107909006141185,S1,2,Gln132 pocket
40,356,59.098864967256475,S1,2,Gln132 pocket
40,357,44.28286425896467,other,2,Gln132 pocket
40,358,75.08603420949193,S1,2,Gln132 pocket
40,359,48.012746667802006,other,2,Gln132 pocket
40,360,51.69104579978571,S1,2,Gln132 pocket
40,361,56.92942880505897,S1,2,Gln132 pocket
40,362,68.35904543567358,S1,2,Gln132 pocket
40,363,90.79493179443651,S1,2,Gln132 pocket
40,364,62.32144691289747,S1,2,Gln132 pocket
40,365,100.58754382971597,S1,2,Gln132 pocket
40,366,75.02509463623082,S1,2,Gln132 pocket
40,367,100.10646356686192,S1,2,Gln132 pocket
40,368,58.85161617852411,S1,2,Gln132 pocket
40,369,98.61542140859171,S1,2,Gln132 pocket
40,370,88.24721739385684,S1,2,Gln132 pocket
40,371,100.48128163959076,S1,2,Gln132 pocket
40,372,73.43245030102747,S1,2,Gln132 pocket
40,373,78.65355066412484,S1,2,Gln132 pocket
40,374,99.5644282439396,S1,2,Gln132 pocket
40,375,88.06682864067183,S1,2,Gln132 pocket
40,376,100.72352487467842,S1,2,Gln132 pocket
40,377,81.33355169847397,S1,2,Gln132 pocket
40,378,69.42901816217345,S1,2,Gln132 pocket
40,379,97.06141500329781,S1,1,loose / exposed
40,380,65.12508307964161,S1,1,loose / exposed
40,381,77.88707582637619,S1,2,Gln132 pocket
40,382,74.77255752399289,S1,1,loose / exposed
40,383,90.97700444627617,S1,2,Gln132 pocket
40,384,93.61405006157287,S1,2,Gln132 pocket
40,385,81.9558374664748,S1,2,Gln132 pocket
40,386,94.16614201067188,S1,1,loose / exposed
40,387,71.13394393363433,S1,1,loose / exposed
40,388,77.3394167570615,S1,2,Gln132 pocket
40,389,88.33514289632717,S1,1,loose / exposed
40,390,82.11241968841551,S1,1,loose / exposed
40,391,63.25427905393759,S1,1,loose / exposed
40,392,-97.90866701037335,S3,1,loose / exposed
40,393,-79.91480792148771,S2,1,loose / exposed
40,394,-108.15560190895172,S3,1,loose / exposed
40,395,-124.21568239441973,S3,1,loose / exposed
40,396,164.9740379026761,other,1,loose / exposed
40,397,-170.38855349960642,other,1,loose / exposed
40,398,-166.1891738440631,other,1,loose / exposed
40,399,123.13720821925612,S1,1,loose / exposed
40,400,149.82452011974436,S1,1,loose / exposed
40,401,139.81214344644584,S1,1,loose / exposed
40,402,161.80332447193885,other,1,loose / exposed
40,403,-117.4050208140045,S3,1,loose / exposed
40,404,124.61705330398534,S1,1,loose / exposed
40,405,138.87267852115508,S1,1,loose / exposed
40,406,136.74674144276787,S1,1,loose / exposed
40,407,143.8900420497233,S1,1,loose / exposed
40,408,132.7257463529597,S1,1,loose / exposed
40,409,127.32287978415145,S1,1,loose / exposed
40,410,118.08751475861335,S1,1,loose / exposed
40,411,125.5755459952816,S1,1,loose / exposed
40,412,100.62100972803172,S1,1,loose / exposed
40,413,115.34315670983344,S1,1,loose / exposed
40,414,147.6750197731783,S1,1,loose / exposed
40,415,102.48757581889521,S1,1,loose / exposed
40,416,121.6295591359712,S1,1,loose / exposed
40,417,174.0968674941036,other,1,loose / exposed
40,418,116.50804860225085,S1,1,loose / exposed
40,419,124.41929494420249,S1,1,loose / exposed
40,420,117.36690167291809,S1,1,loose / exposed
40,421,125.80507277008037,S1,1,loose / exposed
40,422,113.48480082447881,S1,1,loose / exposed
40,423,119.93889912242473,S1,1,loose / exposed
40,424,105.96538238377612,S1,1,loose / exposed
40,425,127.63662941729942,S1,1,loose / exposed
40,426,98.17942310695973,S1,1,loose / exposed
40,427,122.10003342181444,S1,1,loose / exposed
40,428,131.83616791469584,S1,1,loose / exposed
40,429,118.5697058534813,S1,1,loose / exposed
40,430,103.45433138655997,S1,1,loose / exposed
40,431,129.69145255976338,S1,1,loose / exposed
40,432,150.58263532608245,other,1,loose / exposed
40,433,123.00834380761145,S1,1,loose / exposed
40,434,126.46997036720077,S1,1,loose / exposed
40,435,-177.0806236868664,other,1,loose / exposed
40,436,124.25168063766705,S1,1,loose / exposed
40,437,142.51942550287484,S1,1,loose / exposed
40,438,135.0952587106294,S1,1,loose / exposed
40,439,158.88983895361105,other,1,loose / exposed
40,440,122.1022640185187,S1,1,loose / exposed
40,441,132.7857435890778,S1,1,loose / exposed
40,442,134.09605405488426,S1,1,loose / exposed
40,443,125.88025869944885,S1,1,loose / exposed
40,444,124.66191730938176,S1,1,loose / exposed
40,445,140.03357521968408,S1,1,loose / exposed
40,446,125.31702844222916,S1,1,loose / exposed
40,447,95.84082643221895,S1,1,loose / exposed
40,448,151.37716261748778,other,1,loose / exposed
40,449,123.34160180461818,S1,1,loose / exposed
40,450,118.31319851707443,S1,1,loose / exposed
40,451,120.14290988722298,S1,1,loose / exposed
40,452,85.98879740122273,S1,1,loose / exposed
40,453,115.19324599855409,S1,1,loose / exposed
40,454,159.25657967946591,other,1,loose / exposed
40,455,114.86544518795326,S1,1,loose / exposed
40,456,120.91767671796394,S1,1,loose / exposed
40,457,146.82983313307557,S1,1,loose / exposed
40,458,139.9948265114009,S1,1,loose / exposed
40,459,126.19049110478689,S1,1,loose / exposed
40,460,128.508775214158,S1,1,loose / exposed
40,461,118.70443651776785,S1,1,loose / exposed
40,462,111.84893663236166,S1,1,loose / exposed
40,463,178.3629058428248,other,1,loose / exposed
40,464,113.1675668785277,S1,1,loose / exposed
40,465,139.17814906616695,S1,1,loose / exposed
40,466,163.8135390841818,other,1,loose / exposed
40,467,137.2323100784781,S1,1,loose / exposed
40,468,114.8564624322644,S1,1,loose / exposed
40,469,143.12390664729108,S1,1,loose / exposed
40,470,104.48142701086465,S1,1,loose / exposed
40,471,123.23073404027355,S1,1,loose / exposed
40,472,121.59701985619202,S1,1,loose / exposed
40,473,141.83656743640333,S1,2,Gln132 pocket
40,474,133.16853127251048,S1,1,loose / exposed
40,475,115.2392828541892,S1,1,loose / exposed
40,476,120.90661153081528,S1,1,loose / exposed
40,477,123.14765204071607,S1,1,loose / exposed
40,478,117.73789168321414,S1,1,loose / exposed
40,479,113.13699640501552,S1,1,loose / exposed
40,480,118.45968892734521,S1,1,loose / exposed
40,481,118.32511098059184,S1,1,loose / exposed
40,482,164.7503853932798,other,1,loose / exposed
40,483,127.03051852597886,S1,1,loose / exposed
40,484,171.0476764817163,other,1,loose / exposed
40,485,151.44354643820643,other,1,loose / exposed
40,486,122.77375914075908,S1,1,loose / exposed
40,487,107.30839643288851,S1,1,loose / exposed
40,488,116.58673540075955,S1,1,loose / exposed
40,489,169.90438705436975,other,1,loose / exposed
40,490,147.42848662109728,S1,1,loose / exposed
40,491,136.06141522112648,S1,1,loose / exposed
40,492,102.62785815775628,S1,1,loose / exposed
40,493,121.30648154778076,S1,1,loose / exposed
40,494,115.67904452217786,S1,1,loose / exposed
40,495,137.2882409404936,S1,1,loose / exposed
40,496,126.75469293906572,S1,1,loose / exposed
40,497,105.50941252880114,S1,1,loose / exposed
40,498,104.84761459764532,S1,1,loose / exposed
40,499,126.97037235709014,S1,1,loose / exposed
40,500,139.01371747264244,S1,1,loose / exposed
40,501,130.76997813043258,S1,1,loose / exposed
40,502,125.56606094139441,S1,1,loose / exposed
40,503,115.54761842011764,S1,1,loose / exposed
40,504,125.3620786907366,S1,1,loose / exposed
40,505,140.19517070073712,S1,1,loose / exposed
40,506,122.47705479060119,S1,1,loose / exposed
40,507,127.50908209701615,S1,1,loose / exposed
40,508,169.46029527051746,other,1,loose / exposed
40,509,111.85136305654599,S1,1,loose / exposed
40,510,144.61975416968133,S1,1,loose / exposed
40,511,135.74782364072686,S1,1,loose / exposed
40,512,106.53139696056839,S1,1,loose / exposed
40,513,136.9614690484449,S1,1,loose / exposed
40,514,111.94335991025046,S1,1,loose / exposed
40,515,126.92459368789363,S1,1,loose / exposed
40,516,139.99337122125564,S1,1,loose / exposed
40,517,123.84324058471614,S1,1,loose / exposed
40,518,113.85547593835706,S1,1,loose / exposed
40,519,100.21339143578857,S1,1,loose / exposed
40,520,110.04749335512042,S1,1,loose / exposed
40,521,126.67350248773255,S1,1,loose / exposed
40,522,112.52836599981828,S1,1,loose / exposed
40,523,128.460163092129,S1,1,loose / exposed
40,524,117.96693640301646,S1,1,loose / exposed
40,525,119.09408834142944,S1,1,loose / exposed
40,526,124.52635523785881,S1,1,loose / exposed
40,527,116.38826593495142,S1,1,loose / exposed
40,528,102.05250098300795,S1,1,loose / exposed
40,529,102.74923856458341,S1,1,loose / exposed
40,530,164.69667730165963,other,1,loose / exposed
40,531,120.83247989368353,S1,1,loose / exposed
40,532,124.74329528216316,S1,1,loose / exposed
40,533,138.8544035790009,S1,1,loose / exposed
40,534,105.88752301352552,S1,1,loose / exposed
40,535,109.93171794932422,S1,1,loose / exposed
40,536,139.12676414377418,S1,1,loose / exposed
40,537,133.3769357340356,S1,1,loose / exposed
40,538,108.1670284900284,S1,1,loose / exposed
40,539,104.39472037929785,S1,1,loose / exposed
40,540,129.73404565633308,S1,1,loose / exposed
40,541,118.66139754285135,S1,1,loose / exposed
40,542,129.28035419967213,S1,1,loose / exposed
40,543,96.50057364667283,S1,1,loose / exposed
40,544,135.8830856363144,S1,1,loose / exposed
40,545,125.88328858816215,S1,1,loose / exposed
40,546,129.5866777664316,S1,1,loose / exposed
40,547,129.74586241841482,S1,1,loose / exposed
40,548,116.92271673644963,S1,1,loose / exposed
40,549,130.86535149442687,S1,1,loose / exposed
40,550,124.87418845724869,S1,1,loose / exposed
40,551,104.02837351078253,S1,1,loose / exposed
40,552,132.41424910074835,S1,1,loose / exposed
40,553,96.9385751275108,S1,1,loose / exposed
40,554,135.71343606940763,S1,1,loose / exposed
40,555,131.4646531334268,S1,1,loose / exposed
40,556,116.91836037935303,S1,1,loose / exposed
40,557,112.75581832191025,S1,1,loose / exposed
40,558,116.2699383514618,S1,1,loose / exposed
40,559,162.17105621983154,other,1,loose / exposed
40,560,124.00426979633431,S1,1,loose / exposed
40,561,129.4855977879161,S1,1,loose / exposed
40,562,129.4001002800816,S1,1,loose / exposed
40,563,123.78906376719746,S1,1,loose / exposed
40,564,122.44482149927728,S1,1,loose / exposed
40,565,144.7826844869589,S1,1,loose / exposed
40,566,128.11615128915525,S1,1,loose / exposed
40,567,123.65077167022004,S1,1,loose / exposed
40,568,118.49682202771424,S1,1,loose / exposed
40,569,144.4779543274935,S1,1,loose / exposed
40,570,136.55160320869837,S1,1,loose / exposed
40,571,119.10267127930669,S1,1,loose / exposed
40,572,153.47460172884198,other,1,loose / exposed
40,573,153.23023538892713,other,1,loose / exposed
40,574,103.5938599101682,S1,1,loose / exposed
40,575,112.5605807496677,S1,1,loose / exposed
40,576,124.15071454850275,S1,1,loose / exposed
40,577,161.8903718153226,other,1,loose / exposed
40,578,113.98488403120425,S1,1,loose / exposed
40,579,122.73026452725429,S1,1,loose / exposed
40,580,140.00846275114918,S1,1,loose / exposed
40,581,136.63254098741106,S1,1,loose / exposed
40,582,168.25767728802066,other,1,loose / exposed
40,583,121.67485027491733,S1,1,loose / exposed
40,584,128.42205482887346,S1,1,loose / exposed
40,585,134.194606358118,S1,1,loose / exposed
40,586,127.17969576746265,S1,1,loose / exposed
40,587,124.0515163578102,S1,1,loose / exposed
40,588,133.77451271496446,S1,1,loose / exposed
40,589,123.8375403462752,S1,1,loose / exposed
40,590,133.8192080347585,S1,1,loose / exposed
40,591,121.45966737709115,S1,1,loose / exposed
40,592,147.1558455090819,S1,1,loose / exposed
40,593,136.96490546058786,S1,1,loose / exposed
40,594,119.80583912986069,S1,1,loose / exposed
40,595,133.88610811922157,S1,1,loose / exposed
40,596,109.70296309116766,S1,1,loose / exposed
40,597,130.38757281065904,S1,1,loose / exposed
40,598,145.16840620560424,S1,1,loose / exposed
40,599,148.39851867406563,S1,1,loose / exposed
40,600,139.08269275357696,S1,1,loose / exposed
40,601,125.79899295060764,S1,1,loose / exposed
40,602,137.7762899061958,S1,1,loose / exposed
40,603,135.08737362832716,S1,1,loose / exposed
40,604,134.06516534658613,S1,1,loose / exposed
40,605,130.48133348103298,S1,1,loose / exposed
40,606,127.5974312684838,S1,1,loose / exposed
40,607,161.72180789009423,other,1,loose / exposed
40,608,128.67145978691596,S1,1,loose / exposed
40,609,121.67884109344432,S1,1,loose / exposed
40,610,129.62648463373574,S1,1,loose / exposed
40,611,124.17813023099953,S1,1,loose / exposed
40,612,131.37846776992248,S1,1,loose / exposed
40,613,102.87345128472707,S1,1,loose / exposed
40,614,113.97994094023365,S1,1,loose / exposed
40,615,140.2079303365097,S1,1,loose / exposed
40,616,138.6593485745346,S1,1,loose / exposed
40,617,139.6891512780165,S1,1,loose / exposed
40,618,136.83297265427566,S1,1,loose / exposed
40,619,130.96640911468114,S1,1,loose / exposed
40,620,112.281511881731,S1,1,loose / exposed
40,621,147.27516091395032,S1,1,loose / exposed
40,622,140.27869356751694,S1,1,loose / exposed
40,623,135.5579277837254,S1,1,loose / exposed
40,624,133.58405152381727,S1,1,loose / exposed
40,625,136.3727292794409,S1,1,loose / exposed
40,626,135.7550631696644,S1,1,loose / exposed
40,627,171.76369372188896,other,1,loose / exposed
40,628,131.40080880922264,S1,1,loose / exposed
40,629,103.70558539799978,S1,1,loose / exposed
40,630,99.07121406286278,S1,1,loose / exposed
40,631,115.71762770754496,S1,1,loose / exposed
40,632,113.9984802661836,S1,1,loose / exposed
40,633,159.7479117181272,other,1,loose / exposed
40,634,150.2184143913841,other,1,loose / exposed
40,635,161.89840531342483,other,1,loose / exposed
40,636,149.31799380170892,S1,1,loose / exposed
40,637,119.05336404962641,S1,1,loose / exposed
40,638,150.6720523997605,other,1,loose / exposed
40,639,120.39576355521531,S1,1,loose / exposed
40,640,148.99958371594582,S1,1,loose / exposed
40,641,135.16912800111174,S1,1,loose / exposed
40,642,139.89281577239194,S1,1,loose / exposed
40,643,149.66897698649265,S1,1,loose / exposed
40,644,149.82595080237442,S1,1,loose / exposed
40,645,139.78841485953788,S1,1,loose / exposed
40,646,-172.52158051100136,other,1,loose / exposed
40,647,168.74509192281525,other,1,loose / exposed
40,648,135.21143310547728,S1,1,loose / exposed
40,649,136.7198523099559,S1,1,loose / exposed
40,650,144.72477336436978,S1,1,loose / exposed
40,651,129.37348649649164,S1,1,loose / exposed
40,652,140.27454430129703,S1,1,loose / exposed
40,653,141.33872451354034,S1,1,loose / exposed
40,654,159.55971956628264,other,1,loose / exposed
40,655,130.36854375754456,S1,1,loose / exposed
40,656,125.60026244730842,S1,1,loose / exposed
40,657,154.98928688982548,other,1,loose / exposed
40,658,152.51396376743247,other,1,loose / exposed
40,659,132.57366605592196,S1,1,loose / exposed
40,660,146.36429414773184,S1,1,loose / exposed
40,661,152.82587632115803,other,1,loose / exposed
40,662,138.09483386606686,S1,1,loose / exposed
40,663,137.90798666788925,S1,1,loose / exposed
40,664,134.02892108876824,S1,1,loose / exposed
40,665,134.01384869463175,S1,1,loose / exposed
40,666,134.77867001802366,S1,1,loose / exposed
40,667,135.24706488781666,S1,1,loose / exposed
40,668,150.89598456257843,other,1,loose / exposed
40,669,118.98222439556372,S1,1,loose / exposed
40,670,159.15946932805966,other,1,loose / exposed
40,671,157.07095494877598,other,1,loose / exposed
40,672,137.53746142091862,S1,1,loose / exposed
40,673,131.5727128908322,S1,1,loose / exposed
40,674,137.03350253505081,S1,1,loose / exposed
40,675,130.35990081738152,S1,1,loose / exposed
40,676,126.02199989932636,S1,1,loose / exposed
40,677,156.69150482990312,other,1,loose / exposed
40,678,137.83140842628612,S1,1,loose / exposed
40,679,128.63280579031908,S1,1,loose / exposed
40,680,135.93801275229347,S1,1,loose / exposed
40,681,148.8782898794519,S1,1,loose / exposed
40,682,150.6887067416139,other,1,loose / exposed
40,683,156.8464984367276,other,1,loose / exposed
40,684,138.3713708447207,S1,1,loose / exposed
40,685,138.25564874352838,S1,1,loose / exposed
40,686,153.18122122485897,other,1,loose / exposed
40,687,142.39419196084464,S1,1,loose / exposed
40,688,161.06057341407214,other,1,loose / exposed
40,689,139.21037716765395,S1,1,loose / exposed
40,690,139.77994244143676,S1,1,loose / exposed
40,691,146.4675510208343,S1,1,loose / exposed
40,692,168.55296524167645,other,1,loose / exposed
40,693,150.71637373827733,other,1,loose / exposed
40,694,118.1118406538819,S1,1,loose / exposed
40,695,161.02713014730915,other,1,loose / exposed
40,696,142.3401542336327,S1,1,loose / exposed
40,697,134.60991445364633,S1,1,loose / exposed
40,698,138.2486436221441,S1,1,loose / exposed
40,699,129.7741290195064,S1,1,loose / exposed
40,700,142.76788377320105,S1,1,loose / exposed
40,701,139.1556101685758,S1,1,loose / exposed
40,702,162.10054077805665,other,1,loose / exposed
40,703,98.4290087747169,S1,1,loose / exposed
40,704,164.1539815034282,other,1,loose / exposed
40,705,138.43677960700086,S1,1,loose / exposed
40,706,132.53686085121836,S1,1,loose / exposed
40,707,-167.8278884755463,other,1,loose / exposed
40,708,155.90019179260048,other,1,loose / exposed
40,709,137.36818429517638,S1,1,loose / exposed
40,710,141.78303325871195,S1,1,loose / exposed
40,711,119.9514172601823,S1,1,loose / exposed
40,712,124.37324382995259,S1,1,loose / exposed
40,713,128.4703100953553,S1,1,loose / exposed
40,714,131.4336259316766,S1,1,loose / exposed
40,715,136.23469437471223,S1,1,loose / exposed
40,716,122.3842632412959,S1,1,loose / exposed
40,717,120.87460312948228,S1,1,loose / exposed
40,718,139.1438785325337,S1,1,loose / exposed
40,719,130.26304280171962,S1,1,loose / exposed
40,720,134.54532478402882,S1,1,loose / exposed
40,721,139.4942358651581,S1,1,loose / exposed
40,722,139.05799466770728,S1,1,loose / exposed
40,723,143.11318996682016,S1,1,loose / exposed
40,724,131.48017113235704,S1,1,loose / exposed
40,725,146.7594131644523,S1,1,loose / exposed
40,726,129.9430017745117,S1,1,loose / exposed
40,727,135.02612225245952,S1,1,loose / exposed
40,728,163.71126299535703,other,1,loose / exposed
40,729,139.96129822603325,S1,1,loose / exposed
40,730,141.95223391396397,S1,1,loose / exposed
40,731,134.08057449001,S1,1,loose / exposed
40,732,116.77311309277201,S1,1,loose / exposed
40,733,134.3576660413203,S1,1,loose / exposed
40,734,139.07170349551996,S1,1,loose / exposed
40,735,132.7359147096313,S1,1,loose / exposed
40,736,159.0958900939134,other,1,loose / exposed
40,737,123.36556199539325,S1,1,loose / exposed
40,738,126.09389859521094,S1,1,loose / exposed
40,739,125.06602302565027,S1,1,loose / exposed
40,740,135.39398239286055,S1,1,loose / exposed
40,741,132.44627183642058,S1,1,loose / exposed
40,742,139.2504198474165,S1,1,loose / exposed
40,743,147.48778823858703,S1,1,loose / exposed
40,744,151.29165758495478,other,1,loose / exposed
40,745,137.68197216089317,S1,1,loose / exposed
40,746,139.54905112466045,S1,1,loose / exposed
40,747,134.91110528191876,S1,1,loose / exposed
40,748,148.78967498423285,S1,1,loose / exposed
40,749,102.09366206654748,S1,1,loose / exposed
40,750,127.62549031016016,S1,1,loose / exposed
40,751,137.09907027648455,S1,1,loose / exposed
40,752,119.4105356615055,S1,1,loose / exposed
40,753,142.70771243813317,S1,1,loose / exposed
40,754,143.26936804513244,S1,1,loose / exposed
40,755,167.07682112693266,other,1,loose / exposed
40,756,141.67719785262784,S1,1,loose / exposed
40,757,152.55714898128977,other,1,loose / exposed
40,758,158.53892808152014,other,1,loose / exposed
40,759,159.8791778436571,other,1,loose / exposed
40,760,161.95895979019815,other,1,loose / exposed
40,761,126.33208532037212,S1,1,loose / exposed
40,762,130.03428931514892,S1,1,loose / exposed
40,763,137.85320448068288,S1,1,loose / exposed
40,764,130.43849978911769,S1,1,loose / exposed
40,765,132.60164055160723,S1,1,loose / exposed
40,766,154.75689561009094,other,1,loose / exposed
40,767,143.89876820549418,S1,1,loose / exposed
40,768,161.94250356370364,other,1,loose / exposed
40,769,153.0782467755659,other,1,loose / exposed
40,770,120.32422451688409,S1,1,loose / exposed
40,771,96.38895091345185,S1,1,loose / exposed
40,772,114.83280510331714,S1,1,loose / exposed
40,773,138.92247134183248,S1,1,loose / exposed
40,774,135.77745938318634,S1,1,loose / exposed
40,775,129.5845874057822,S1,1,loose / exposed
40,776,131.9053684552194,S1,1,loose / exposed
40,777,136.69908097928877,S1,1,loose / exposed
40,778,154.9682401947539,other,1,loose / exposed
40,779,125.69508006459715,S1,1,loose / exposed
40,780,148.12956065227195,S1,1,loose / exposed
40,781,138.81977264415443,S1,1,loose / exposed
40,782,119.296070718893,S1,1,loose / exposed
40,783,134.8417314948527,S1,1,loose / exposed
40,784,139.35499055344414,S1,1,loose / exposed
40,785,133.55461393634914,S1,1,loose / exposed
40,786,129.55304390149433,S1,1,loose / exposed
40,787,135.10809638939608,S1,1,loose / exposed
40,788,141.85187898717587,S1,1,loose / exposed
40,789,-164.25275688366392,other,1,loose / exposed
40,790,163.12857093311547,other,1,loose / exposed
40,791,131.45202826960391,S1,1,loose / exposed
40,792,146.09983916453757,S1,1,loose / exposed
40,793,93.54819880938092,S1,1,loose / exposed
40,794,-168.08127291406518,other,1,loose / exposed
40,795,127.46086899065689,S1,1,loose / exposed
40,796,144.53814159493453,S1,1,loose / exposed
40,797,-120.48785020364252,S3,1,loose / exposed
40,798,-102.52880625226224,S3,2,Gln132 pocket
40,799,-97.04329649913315,S3,1,loose / exposed
40,800,-55.282926492056546,S2,2,Gln132 pocket
40,801,-114.60729571018696,S3,2,Gln132 pocket
40,802,-101.83141300299985,S3,2,Gln132 pocket
40,803,-90.40051061235036,S3,1,loose / exposed
40,804,-123.35231540145351,S3,1,loose / exposed
40,805,-137.1789468141433,S3,1,loose / exposed
40,806,-135.28033157391437,S3,2,Gln132 pocket
40,807,-98.62024936166443,S3,2,Gln132 pocket
40,808,-119.83593074226953,S3,2,Gln132 pocket
40,809,-110.18763731946902,S3,2,Gln132 pocket
40,810,-110.98494394913358,S3,1,loose / exposed
40,811,-106.96155138266661,S3,2,Gln132 pocket
40,812,-134.23946360175088,S3,2,Gln132 pocket
40,813,-108.37510437652575,S3,2,Gln132 pocket
40,814,-105.99554981598511,S3,2,Gln132 pocket
40,815,-107.34532902420429,S3,2,Gln132 pocket
40,816,-97.78745839620501,S3,2,Gln132 pocket
40,817,-114.08411820905248,S3,2,Gln132 pocket
40,818,-119.04082064869584,S3,2,Gln132 pocket
40,819,-114.46802439083348,S3,2,Gln132 pocket
40,820,-93.31168614140853,S3,2,Gln132 pocket
40,821,-96.04820559208213,S3,2,Gln132 pocket
40,822,-109.4165642642325,S3,2,Gln132 pocket
40,823,-101.79772967879778,S3,2,Gln132 pocket
40,824,-94.99364436144106,S3,2,Gln132 pocket
40,825,-100.02445154440717,S3,2,Gln132 pocket
40,826,-70.55570572050429,S2,2,Gln132 pocket
40,827,-101.85573622593955,S3,2,Gln132 pocket
40,828,-96.53932214653473,S3,2,Gln132 pocket
40,829,-104.40418140655171,S3,2,Gln132 pocket
40,830,-102.33585427121545,S3,2,Gln132 pocket
40,831,-132.45136548126445,S3,2,Gln132 pocket
40,832,-112.61779666514462,S3,2,Gln132 pocket
40,833,-100.12736105042852,S3,2,Gln132 pocket
40,834,-106.66500253259358,S3,2,Gln132 pocket
40,835,-86.87951676816155,S2,2,Gln132 pocket
40,836,-68.71596922112019,S2,1,loose / exposed
40,837,-83.15112822360364,S2,2,Gln132 pocket
40,838,-88.4598749756239,S2,2,Gln132 pocket
40,839,-150.2738339992121,S3,2,Gln132 pocket
40,840,-86.17814072365529,S2,2,Gln132 pocket
40,841,-91.63391287449096,S3,1,loose / exposed
40,842,-113.71555053691222,S3,2,Gln132 pocket
40,843,-137.7102409509136,S3,1,loose / exposed
40,844,-85.46236865686733,S2,2,Gln132 pocket
40,845,-123.41268913147813,S3,2,Gln132 pocket
40,846,-114.05511003629837,S3,2,Gln132 pocket
40,847,-101.64382633140818,S3,2,Gln132 pocket
40,848,-123.35565981932162,S3,2,Gln132 pocket
40,849,-100.78666432572504,S3,2,Gln132 pocket
40,850,-108.92100495761962,S3,2,Gln132 pocket
40,851,-100.96314421941493,S3,2,Gln132 pocket
40,852,-115.46473730606391,S3,2,Gln132 pocket
40,853,-97.41820400501993,S3,2,Gln132 pocket
40,854,-110.49264357459103,S3,2,Gln132 pocket
40,855,-140.59322789003625,S3,2,Gln132 pocket
40,856,-107.98677835376303,S3,2,Gln132 pocket
40,857,-95.10407794727729,S3,2,Gln132 pocket
40,858,-97.5118510622056,S3,2,Gln132 pocket
40,859,-79.99546717301386,S2,2,Gln132 pocket
40,860,-105.45321396678472,S3,2,Gln132 pocket
40,861,-118.97032135045906,S3,2,Gln132 pocket
40,862,-98.67686411829213,S3,2,Gln132 pocket
40,863,-94.33389495120791,S3,2,Gln132 pocket
40,864,-104.09897968424796,S3,2,Gln132 pocket
40,865,-102.79389075145278,S3,2,Gln132 pocket
40,866,-116.67999812590327,S3,2,Gln132 pocket
40,867,-131.4296162180359,S3,2,Gln132 pocket
40,868,-108.87947432165808,S3,2,Gln132 pocket
40,869,-129.81844245899558,S3,2,Gln132 pocket
40,870,-105.990294343114,S3,2,Gln132 pocket
40,871,-125.66042606001244,S3,2,Gln132 pocket
40,872,-117.51100440899965,S3,2,Gln132 pocket
40,873,-127.50033686687063,S3,2,Gln132 pocket
40,874,-96.41464703097007,S3,2,Gln132 pocket
40,875,-139.41315601419706,S3,2,Gln132 pocket
40,876,-103.82741000296403,S3,2,Gln132 pocket
40,877,-120.8441594720932,S3,2,Gln132 pocket
40,878,-104.85960656778002,S3,2,Gln132 pocket
40,879,-99.55030377264437,S3,2,Gln132 pocket
40,880,-108.8033181987396,S3,2,Gln132 pocket
40,881,-127.43489768266018,S3,2,Gln132 pocket
40,882,-98.84167528704135,S3,2,Gln132 pocket
40,883,-99.09339703606187,S3,2,Gln132 pocket
40,884,-112.66043589611196,S3,2,Gln132 pocket
40,885,-128.1492072755658,S3,2,Gln132 pocket
40,886,-111.18739786452917,S3,2,Gln132 pocket
40,887,-119.9521210568238,S3,2,Gln132 pocket
40,888,-88.39684078702196,S2,2,Gln132 pocket
40,889,-124.7949707208123,S3,2,Gln132 pocket
40,890,-120.3787126181129,S3,2,Gln132 pocket
40,891,-84.02941820328101,S2,1,loose / exposed
40,892,-116.81337877255153,S3,2,Gln132 pocket
40,893,-104.7768672707481,S3,2,Gln132 pocket
40,894,-95.02373078963016,S3,2,Gln132 pocket
40,895,-103.24891734543408,S3,2,Gln132 pocket
40,896,-118.02392715103288,S3,2,Gln132 pocket
40,897,-83.0021155632368,S2,1,loose / exposed
40,898,-64.37952871239098,S2,1,loose / exposed
40,899,-88.42821933067992,S2,2,Gln132 pocket
40,900,-111.74179548119467,S3,2,Gln132 pocket
40,901,-122.6448625763239,S3,2,Gln132 pocket
40,902,-121.76708638947082,S3,2,Gln132 pocket
40,903,-89.29414900630907,S2,2,Gln132 pocket
40,904,-126.03559448967113,S3,2,Gln132 pocket
40,905,-114.8844048416311,S3,2,Gln132 pocket
40,906,-98.88565292604878,S3,2,Gln132 pocket
40,907,-111.53063981932023,S3,2,Gln132 pocket
40,908,-126.44611481977118,S3,2,Gln132 pocket
40,909,-115.9538473501136,S3,2,Gln132 pocket
40,910,-128.0426076264936,S3,2,Gln132 pocket
40,911,-104.51457458723404,S3,2,Gln132 pocket
40,912,-128.0256566589477,S3,1,loose / exposed
40,913,-126.83707894227497,S3,2,Gln132 pocket
40,914,-120.83399794449296,S3,2,Gln132 pocket
40,915,-113.4497253712322,S3,1,loose / exposed
40,916,-107.62950523837908,S3,2,Gln132 pocket
40,917,-104.00945673730703,S3,2,Gln132 pocket
40,918,-108.91917590297204,S3,2,Gln132 pocket
40,919,-78.23212289400193,S2,1,loose / exposed
40,920,-84.76605528727758,S2,2,Gln132 pocket
40,921,-112.42394317787416,S3,1,loose / exposed
40,922,-90.60578818138204,S3,2,Gln132 pocket
40,923,-115.95343040913858,S3,2,Gln132 pocket
40,924,-117.025279994352,S3,2,Gln132 pocket
40,925,-98.97776301119521,S3,1,loose / exposed
40,926,-104.52627229568989,S3,1,loose / exposed
40,927,-100.15332586898636,S3,2,Gln132 pocket
40,928,-95.8142812027724,S3,1,loose / exposed
40,929,-96.1501008657325,S3,2,Gln132 pocket
40,930,-95.21903876060257,S3,2,Gln132 pocket
40,931,-92.1136728716435,S3,1,loose / exposed
40,932,-102.50788128626138,S3,1,loose / exposed
40,933,-126.61707615539531,S3,1,loose / exposed
40,934,-98.85355132079985,S3,2,Gln132 pocket
40,935,-98.07365197665969,S3,1,loose / exposed
40,936,-117.08572565840737,S3,1,loose / exposed
40,937,-100.19447078337255,S3,1,loose / exposed
40,938,-124.50576635580452,S3,2,Gln132 pocket
40,939,-122.5283759146848,S3,2,Gln132 pocket
40,940,-120.9638922447747,S3,2,Gln132 pocket
40,941,-74.18065238422514,S2,2,Gln132 pocket
40,942,-118.275688472884,S3,2,Gln132 pocket
40,943,-105.2731375592305,S3,2,Gln132 pocket
40,944,-105.51154784491825,S3,1,loose / exposed
40,945,-117.30608737665918,S3,2,Gln132 pocket
40,946,-93.9518985498657,S3,1,loose / exposed
40,947,-100.67159456545696,S3,2,Gln132 pocket
40,948,-126.22112138923765,S3,2,Gln132 pocket
40,949,-122.55524599660464,S3,2,Gln132 pocket
40,950,-90.76894681129944,S3,2,Gln132 pocket
40,951,-122.15277090286459,S3,2,Gln132 pocket
40,952,-105.65535816297644,S3,2,Gln132 pocket
40,953,-97.30259646187767,S3,2,Gln132 pocket
40,954,-82.45631075557114,S2,2,Gln132 pocket
40,955,-42.34599703438218,S2,1,loose / exposed
40,956,-49.388189741173214,S2,1,loose / exposed
40,957,-53.7043238454747,S2,1,loose / exposed
40,958,-38.65133818237348,S2,1,loose / exposed
40,959,-44.88743196160958,S2,1,loose / exposed
40,960,-50.95120665663694,S2,1,loose / exposed
40,961,-41.72692729563052,S2,1,loose / exposed
40,962,-58.312716491967066,S2,1,loose / exposed
40,963,-68.41333763835065,S2,1,loose / exposed
40,964,-62.9045143138864,S2,1,loose / exposed
40,965,-52.47570110990137,S2,1,loose / exposed
40,966,-76.70290687318717,S2,1,loose / exposed
40,967,-38.08707790553533,S2,1,loose / exposed
40,968,-54.18693225725071,S2,1,loose / exposed
40,969,-40.33285093096143,S2,1,loose / exposed
40,970,-46.299762315373755,S2,1,loose / exposed
40,971,-53.58384829405647,S2,1,loose / exposed
40,972,-70.59649419817997,S2,1,loose / exposed
40,973,-61.998179614559625,S2,1,loose / exposed
40,974,-66.45439836663375,S2,1,loose / exposed
40,975,22.35655083514073,other,2,Gln132 pocket
40,976,14.986639818131929,other,1,loose / exposed
40,977,-3.198513307795716,other,2,Gln132 pocket
40,978,20.429556606667628,other,2,Gln132 pocket
40,979,-18.525443169831217,other,2,Gln132 pocket
40,980,-3.5954378050772955,other,1,loose / exposed
40,981,-18.15529250649066,other,1,loose / exposed
40,982,3.1550998961825067,other,2,Gln132 pocket
40,983,-29.68117576174718,other,1,loose / exposed
40,984,17.974286979143677,other,2,Gln132 pocket
40,985,23.58339590808123,other,2,Gln132 pocket
40,986,-29.989134652104237,other,1,loose / exposed
40,987,9.808859465346984,other,1,loose / exposed
40,988,83.86703363815785,S1,2,Gln132 pocket
40,989,86.94734990312107,S1,2,Gln132 pocket
40,990,93.10675112733828,S1,2,Gln132 pocket
40,991,112.99399632670224,S1,2,Gln132 pocket
40,992,89.44750168345061,S1,2,Gln132 pocket
40,993,105.6019291025654,S1,2,Gln132 pocket
40,994,100.69546374622672,S1,2,Gln132 pocket
40,995,116.83675070445747,S1,2,Gln132 pocket
40,996,99.2074112404311,S1,1,loose / exposed
40,997,87.61329674926961,S1,2,Gln132 pocket
40,998,104.72933786030663,S1,1,loose / exposed
40,999,98.08448212324812,S1,2,Gln132 pocket
40,1000,121.70947518531364,S1,2,Gln132 pocket
45,0,83.98854379966535,S1,2,Gln132 pocket
45,1,71.0902593344466,S1,2,Gln132 pocket
45,2,-125.24915415332916,S3,2,Gln132 pocket
45,3,-123.97590446151963,S3,2,Gln132 pocket
45,4,-116.93035483592107,S3,2,Gln132 pocket
45,5,-124.72136477930205,S3,2,Gln132 pocket
45,6,-131.96312983086165,S3,2,Gln132 pocket
45,7,-106.72975431553093,S3,2,Gln132 pocket
45,8,-118.87295595394203,S3,2,Gln132 pocket
45,9,-104.1477770378947,S3,2,Gln132 pocket
45,10,-122.16850253810033,S3,2,Gln132 pocket
45,11,-134.67218912713156,S3,2,Gln132 pocket
45,12,-119.36498554668829,S3,2,Gln132 pocket
45,13,-111.41151117480933,S3,2,Gln132 pocket
45,14,-106.61823476203115,S3,2,Gln132 pocket
45,15,-111.84376909707619,S3,2,Gln132 pocket
45,16,-110.79683338392863,S3,2,Gln132 pocket
45,17,-140.7799554992704,S3,2,Gln132 pocket
45,18,-91.01902113166348,S3,2,Gln132 pocket
45,19,-109.62799907933781,S3,2,Gln132 pocket
45,20,-85.03927620496097,S2,2,Gln132 pocket
45,21,-118.2545586713306,S3,2,Gln132 pocket
45,22,-99.6128030054002,S3,2,Gln132 pocket
45,23,-120.64063964824608,S3,2,Gln132 pocket
45,24,-90.85463214845187,S3,2,Gln132 pocket
45,25,-99.02902333828375,S3,2,Gln132 pocket
45,26,-104.79383612546849,S3,2,Gln132 pocket
45,27,-98.18176813840957,S3,2,Gln132 pocket
45,28,-119.07448894512414,S3,2,Gln132 pocket
45,29,-109.46166798500755,S3,2,Gln132 pocket
45,30,-99.90822081266369,S3,2,Gln132 pocket
45,31,-108.67377745415719,S3,2,Gln132 pocket
45,32,-124.23730196861976,S3,2,Gln132 pocket
45,33,-134.34861854148937,S3,1,loose / exposed
45,34,-122.5987034759885,S3,2,Gln132 pocket
45,35,-137.228186362739,S3,2,Gln132 pocket
45,36,-81.97590455184417,S2,2,Gln132 pocket
45,37,-117.9334367321157,S3,2,Gln132 pocket
45,38,-116.4672570076448,S3,2,Gln132 pocket
45,39,-106.2920023159652,S3,2,Gln132 pocket
45,40,-112.61948767059855,S3,2,Gln132 pocket
45,41,-96.61563987418364,S3,1,loose / exposed
45,42,-128.40400825378086,S3,2,Gln132 pocket
45,43,-123.04536205725191,S3,2,Gln132 pocket
45,44,-102.23200267098397,S3,1,loose / exposed
45,45,-117.22558689067692,S3,1,loose / exposed
45,46,-94.22990658610064,S3,1,loose / exposed
45,47,-112.57760392973773,S3,2,Gln132 pocket
45,48,-103.65058692677592,S3,1,loose / exposed
45,49,-114.57527531138521,S3,2,Gln132 pocket
45,50,-123.31486307212542,S3,2,Gln132 pocket
45,51,-120.46980190349622,S3,2,Gln132 pocket
45,52,-91.99006909489428,S3,1,loose / exposed
45,53,-98.79074408250587,S3,1,loose / exposed
45,54,-116.53032799856578,S3,2,Gln132 pocket
45,55,-96.5321778321041,S3,1,loose / exposed
45,56,-108.25210787775781,S3,1,loose / exposed
45,57,-128.91687082238195,S3,2,Gln132 pocket
45,58,-109.95055596277123,S3,1,loose / exposed
45,59,-110.7725502815699,S3,1,loose / exposed
45,60,-120.35657527333716,S3,1,loose / exposed
45,61,-118.12664058189685,S3,1,loose / exposed
45,62,-109.88859847335412,S3,1,loose / exposed
45,63,-106.07118654674476,S3,1,loose / exposed
45,64,-124.63998293463122,S3,1,loose / exposed
45,65,-108.89378557835519,S3,1,loose / exposed
45,66,-110.70921587326652,S3,2,Gln132 pocket
45,67,-92.06067783546824,S3,1,loose / exposed
45,68,-113.58760289433611,S3,1,loose / exposed
45,69,-95.57388529121262,S3,1,loose / exposed
45,70,-98.0328198164084,S3,1,loose / exposed
45,71,-104.10200274838652,S3,1,loose / exposed
45,72,-101.80355345869866,S3,1,loose / exposed
45,73,-95.75444925051833,S3,1,loose / exposed
45,74,-119.80790097875504,S3,2,Gln132 pocket
45,75,-112.98496204537759,S3,2,Gln132 pocket
45,76,-100.64258404861181,S3,2,Gln132 pocket
45,77,-108.63414039786501,S3,2,Gln132 pocket
45,78,-105.86193012132227,S3,2,Gln132 pocket
45,79,-126.44794576901101,S3,2,Gln132 pocket
45,80,-86.61881018526772,S2,1,loose / exposed
45,81,-104.43385034421152,S3,1,loose / exposed
45,82,-91.82889915364836,S3,1,loose / exposed
45,83,-79.72588997873666,S2,1,loose / exposed
45,84,-97.55485642741421,S3,1,loose / exposed
45,85,-87.05966971190946,S2,1,loose / exposed
45,86,-134.89390245673854,S3,1,loose / exposed
45,87,-105.3826993894616,S3,1,loose / exposed
45,88,-99.30658888566904,S3,1,loose / exposed
45,89,-85.91207238586021,S2,1,loose / exposed
45,90,-104.18405536474408,S3,1,loose / exposed
45,91,-73.30063932039813,S2,1,loose / exposed
45,92,-98.71304851025556,S3,1,loose / exposed
45,93,-88.05397936097954,S2,1,loose / exposed
45,94,-90.67388497187805,S3,1,loose / exposed
45,95,-98.00646416223651,S3,1,loose / exposed
45,96,-98.85315016801451,S3,2,Gln132 pocket
45,97,-97.07731285992396,S3,2,Gln132 pocket
45,98,-104.68574367892592,S3,1,loose / exposed
45,99,-107.82685941879647,S3,2,Gln132 pocket
45,100,-119.95070258832892,S3,2,Gln132 pocket
45,101,-109.72049785037144,S3,1,loose / exposed
45,102,-117.29755581181801,S3,1,loose / exposed
45,103,-130.24451526103616,S3,1,loose / exposed
45,104,-96.79161813836949,S3,1,loose / exposed
45,105,-117.36363940230014,S3,1,loose / exposed
45,106,-147.30959216397494,S3,2,Gln132 pocket
45,107,-132.1665563263484,S3,2,Gln132 pocket
45,108,-116.34773941265192,S3,2,Gln132 pocket
45,109,-139.9862924316262,S3,2,Gln132 pocket
45,110,-108.2645302539644,S3,2,Gln132 pocket
45,111,-124.23422490584072,S3,2,Gln132 pocket
45,112,-107.3439964014114,S3,1,loose / exposed
45,113,-94.09331445387072,S3,2,Gln132 pocket
45,114,-112.92918726889555,S3,2,Gln132 pocket
45,115,-148.72055558840142,S3,2,Gln132 pocket
45,116,-128.55418383058685,S3,2,Gln132 pocket
45,117,-114.79630130593459,S3,2,Gln132 pocket
45,118,-111.7712724401482,S3,2,Gln132 pocket
45,119,-107.61732610481523,S3,2,Gln132 pocket
45,120,-110.14160620119198,S3,2,Gln132 pocket
45,121,-105.30319628193813,S3,2,Gln132 pocket
45,122,-100.47479332931054,S3,2,Gln132 pocket
45,123,-126.13881863762337,S3,2,Gln132 pocket
45,124,-95.96906538647391,S3,2,Gln132 pocket
45,125,-105.5057377349539,S3,2,Gln132 pocket
45,126,-108.00871130532899,S3,2,Gln132 pocket
45,127,-121.42928771097016,S3,2,Gln132 pocket
45,128,-126.65070875315078,S3,2,Gln132 pocket
45,129,-123.52018730175648,S3,2,Gln132 pocket
45,130,-108.23364834075984,S3,2,Gln132 pocket
45,131,-118.50311381898494,S3,2,Gln132 pocket
45,132,-119.18283736164872,S3,2,Gln132 pocket
45,133,-100.39309645967361,S3,2,Gln132 pocket
45,134,-115.86121827921625,S3,2,Gln132 pocket
45,135,-104.85406941213813,S3,1,loose / exposed
45,136,-104.42259769161305,S3,2,Gln132 pocket
45,137,-126.5716188755738,S3,2,Gln132 pocket
45,138,-118.46129719885396,S3,2,Gln132 pocket
45,139,-110.37867810264751,S3,2,Gln132 pocket
45,140,-117.36303979643466,S3,2,Gln132 pocket
45,141,-120.41915411357682,S3,2,Gln132 pocket
45,142,-115.74531016561167,S3,2,Gln132 pocket
45,143,-127.55717045457901,S3,2,Gln132 pocket
45,144,-115.66047301382844,S3,1,loose / exposed
45,145,-100.5985138750327,S3,2,Gln132 pocket
45,146,-116.74998426110321,S3,2,Gln132 pocket
45,147,-118.48712491723646,S3,2,Gln132 pocket
45,148,-115.29355001917632,S3,2,Gln132 pocket
45,149,-136.63221086432898,S3,2,Gln132 pocket
45,150,-137.97260179977982,S3,2,Gln132 pocket
45,151,-130.7241532904539,S3,2,Gln132 pocket
45,152,-126.75983217334598,S3,2,Gln132 pocket
45,153,-133.34937431611752,S3,2,Gln132 pocket
45,154,-133.78724272286823,S3,2,Gln132 pocket
45,155,-117.8074746966716,S3,2,Gln132 pocket
45,156,-123.7287591123471,S3,2,Gln132 pocket
45,157,-121.16656063374052,S3,2,Gln132 pocket
45,158,-115.38583193204913,S3,2,Gln132 pocket
45,159,-122.5585261237519,S3,2,Gln132 pocket
45,160,-112.65509127981778,S3,2,Gln132 pocket
45,161,-135.07999091602284,S3,2,Gln132 pocket
45,162,-104.66949152378633,S3,2,Gln132 pocket
45,163,-138.13194339260443,S3,2,Gln132 pocket
45,164,-106.97997791781158,S3,2,Gln132 pocket
45,165,-111.7331319066648,S3,2,Gln132 pocket
45,166,-100.25393618787116,S3,1,loose / exposed
45,167,-100.97733743642885,S3,2,Gln132 pocket
45,168,-118.11137298864104,S3,2,Gln132 pocket
45,169,-136.38863832639075,S3,2,Gln132 pocket
45,170,-92.05936855598793,S3,2,Gln132 pocket
45,171,-121.7170700163303,S3,2,Gln132 pocket
45,172,-112.51381411613114,S3,2,Gln132 pocket
45,173,-114.662649699487,S3,2,Gln132 pocket
45,174,-109.96721642581232,S3,2,Gln132 pocket
45,175,-114.82054373957936,S3,2,Gln132 pocket
45,176,-128.82992077026339,S3,2,Gln132 pocket
45,177,-135.03717491074974,S3,2,Gln132 pocket
45,178,-133.59969933300292,S3,2,Gln132 pocket
45,179,-112.63948273532694,S3,2,Gln132 pocket
45,180,-121.7095822381459,S3,2,Gln132 pocket
45,181,-110.14416701329844,S3,2,Gln132 pocket
45,182,-111.4536746158639,S3,2,Gln132 pocket
45,183,-130.3568725767093,S3,2,Gln132 pocket
45,184,-118.1226987250541,S3,2,Gln132 pocket
45,185,-105.07263640466397,S3,2,Gln132 pocket
45,186,-109.36296970964237,S3,2,Gln132 pocket
45,187,-126.34116535211292,S3,2,Gln132 pocket
45,188,-114.48888407062319,S3,2,Gln132 pocket
45,189,-112.09788748569434,S3,2,Gln132 pocket
45,190,-115.57273202177652,S3,2,Gln132 pocket
45,191,-118.70391558997643,S3,2,Gln132 pocket
45,192,-126.3935441919181,S3,2,Gln132 pocket
45,193,-131.8491849865671,S3,2,Gln132 pocket
45,194,-126.61417792990153,S3,2,Gln132 pocket
45,195,-115.84815623287898,S3,2,Gln132 pocket
45,196,-114.04751565766001,S3,2,Gln132 pocket
45,197,-115.2991605427099,S3,2,Gln132 pocket
45,198,-119.15888365119508,S3,2,Gln132 pocket
45,199,-118.71090777985607,S3,2,Gln132 pocket
45,200,-114.13553591842476,S3,2,Gln132 pocket
45,201,-113.38113694589732,S3,2,Gln132 pocket
45,202,-115.57316909783073,S3,2,Gln132 pocket
45,203,-120.02782385893468,S3,2,Gln132 pocket
45,204,-114.04086223915114,S3,2,Gln132 pocket
45,205,-127.41978509711312,S3,2,Gln132 pocket
45,206,-119.6020407454789,S3,2,Gln132 pocket
45,207,-117.04521015327354,S3,2,Gln132 pocket
45,208,-130.43931823304735,S3,2,Gln132 pocket
45,209,-110.12536315579815,S3,2,Gln132 pocket
45,210,-126.19577702277479,S3,2,Gln132 pocket
45,211,-114.59307378971617,S3,2,Gln132 pocket
45,212,-133.49857224237329,S3,2,Gln132 pocket
45,213,-107.76815072261313,S3,2,Gln132 pocket
45,214,-134.7837391913515,S3,2,Gln132 pocket
45,215,-140.28746674761962,S3,2,Gln132 pocket
45,216,-128.24753321126775,S3,2,Gln132 pocket
45,217,-128.84288325432126,S3,2,Gln132 pocket
45,218,-122.65405329067285,S3,2,Gln132 pocket
45,219,-125.78636838089211,S3,2,Gln132 pocket
45,220,-103.11900295546934,S3,2,Gln132 pocket
45,221,-125.75282072868507,S3,2,Gln132 pocket
45,222,-104.11409758268874,S3,2,Gln132 pocket
45,223,-121.37652829787648,S3,2,Gln132 pocket
45,224,-96.14992619260008,S3,2,Gln132 pocket
45,225,-110.8987279067035,S3,2,Gln132 pocket
45,226,-138.66098456533882,S3,2,Gln132 pocket
45,227,-110.31450019666929,S3,2,Gln132 pocket
45,228,-109.34648827591201,S3,2,Gln132 pocket
45,229,-100.23888647171457,S3,2,Gln132 pocket
45,230,-118.80947236502163,S3,2,Gln132 pocket
45,231,-122.25641540507957,S3,2,Gln132 pocket
45,232,-112.41851428500875,S3,2,Gln132 pocket
45,233,-111.65127004596606,S3,2,Gln132 pocket
45,234,-98.71349733085896,S3,2,Gln132 pocket
45,235,-125.22870669835831,S3,2,Gln132 pocket
45,236,-135.2175238392899,S3,2,Gln132 pocket
45,237,-115.82005269279038,S3,2,Gln132 pocket
45,238,-105.6192235377716,S3,2,Gln132 pocket
45,239,-122.94126271863102,S3,2,Gln132 pocket
45,240,-119.96438817481511,S3,2,Gln132 pocket
45,241,-116.05144948125498,S3,1,loose / exposed
45,242,-126.48260560741194,S3,2,Gln132 pocket
45,243,-134.543309141887,S3,2,Gln132 pocket
45,244,-110.18418139459935,S3,2,Gln132 pocket
45,245,-102.4199710700097,S3,2,Gln132 pocket
45,246,-114.97021754347465,S3,2,Gln132 pocket
45,247,-109.41186653316991,S3,2,Gln132 pocket
45,248,-111.76744851541999,S3,2,Gln132 pocket
45,249,-105.70635694571018,S3,2,Gln132 pocket
45,250,-126.23556559852061,S3,2,Gln132 pocket
45,251,-90.46769595238797,S3,2,Gln132 pocket
45,252,-119.01200750149378,S3,2,Gln132 pocket
45,253,-112.83800767210093,S3,2,Gln132 pocket
45,254,-114.54898128777572,S3,2,Gln132 pocket
45,255,-130.00617938162313,S3,2,Gln132 pocket
45,256,-134.6291215959873,S3,2,Gln132 pocket
45,257,-135.17313487637227,S3,2,Gln132 pocket
45,258,-109.67972731020132,S3,2,Gln132 pocket
45,259,-141.00336324425976,S3,2,Gln132 pocket
45,260,-104.4096108415204,S3,2,Gln132 pocket
45,261,-78.87571378066968,S2,1,loose / exposed
45,262,-89.91471772470615,S2,1,loose / exposed
45,263,-81.26494587006526,S2,1,loose / exposed
45,264,-95.6441997001003,S3,1,loose / exposed
45,265,-89.13792608311107,S2,1,loose / exposed
45,266,-78.70846389430743,S2,1,loose / exposed
45,267,-98.69494781973276,S3,1,loose / exposed
45,268,-101.25309160571452,S3,1,loose / exposed
45,269,-90.56006490714839,S3,1,loose / exposed
45,270,-126.57642384159514,S3,2,Gln132 pocket
45,271,-98.798911746843,S3,2,Gln132 pocket
45,272,-99.93061640589282,S3,2,Gln132 pocket
45,273,-123.5390865490362,S3,2,Gln132 pocket
45,274,-123.55500050727193,S3,2,Gln132 pocket
45,275,-109.07448672573645,S3,2,Gln132 pocket
45,276,-108.41244830617458,S3,2,Gln132 pocket
45,277,-131.22341970782048,S3,2,Gln132 pocket
45,278,-128.09569475723433,S3,2,Gln132 pocket
45,279,-136.6185380049887,S3,2,Gln132 pocket
45,280,-128.01875613006948,S3,2,Gln132 pocket
45,281,-143.65994900761496,S3,2,Gln132 pocket
45,282,-131.29521390667102,S3,2,Gln132 pocket
45,283,-117.67701025744384,S3,2,Gln132 pocket
45,284,-118.54176672516887,S3,1,loose / exposed
45,285,-116.66388491179245,S3,1,loose / exposed
45,286,-108.14116373545473,S3,1,loose / exposed
45,287,-98.83937956440718,S3,2,Gln132 pocket
45,288,-79.38697390198473,S2,1,loose / exposed
45,289,-102.28798146053684,S3,2,Gln132 pocket
45,290,-108.4318386310014,S3,2,Gln132 pocket
45,291,-117.29197417611128,S3,2,Gln132 pocket
45,292,-113.64540581174941,S3,2,Gln132 pocket
45,293,-117.40492717400176,S3,2,Gln132 pocket
45,294,-105.45784142896186,S3,2,Gln132 pocket
45,295,-120.2383976823276,S3,2,Gln132 pocket
45,296,-117.15794533505088,S3,2,Gln132 pocket
45,297,-92.0461916105112,S3,2,Gln132 pocket
45,298,-105.36453329396728,S3,2,Gln132 pocket
45,299,-139.2327462001691,S3,2,Gln132 pocket
45,300,-121.86738721725122,S3,2,Gln132 pocket
45,301,-113.40241858252762,S3,2,Gln132 pocket
45,302,-100.51960552340695,S3,2,Gln132 pocket
45,303,-133.2483101665409,S3,2,Gln132 pocket
45,304,-133.18542889856133,S3,2,Gln132 pocket
45,305,-109.95084415881549,S3,2,Gln132 pocket
45,306,-101.13470732249874,S3,2,Gln132 pocket
45,307,-130.0132156193553,S3,2,Gln132 pocket
45,308,-135.91790643487965,S3,2,Gln132 pocket
45,309,-117.4267247178056,S3,2,Gln132 pocket
45,310,-112.53226109628919,S3,2,Gln132 pocket
45,311,-112.75696201954571,S3,2,Gln132 pocket
45,312,-117.21025271391284,S3,2,Gln132 pocket
45,313,-101.63706839004736,S3,2,Gln132 pocket
45,314,-97.46402365532362,S3,2,Gln132 pocket
45,315,-120.2051671961631,S3,2,Gln132 pocket
45,316,-119.41137293460534,S3,2,Gln132 pocket
45,317,-106.26694892777202,S3,2,Gln132 pocket
45,318,-131.16734312036132,S3,2,Gln132 pocket
45,319,-145.74112574236756,S3,2,Gln132 pocket
45,320,-98.89338128988108,S3,2,Gln132 pocket
45,321,-124.31310650515785,S3,2,Gln132 pocket
45,322,-119.49187756876776,S3,2,Gln132 pocket
45,323,-102.74394707650954,S3,1,loose / exposed
45,324,-120.33463094846832,S3,2,Gln132 pocket
45,325,-123.30196148824103,S3,2,Gln132 pocket
45,326,-118.50957206305308,S3,2,Gln132 pocket
45,327,-96.39831860733891,S3,2,Gln132 pocket
45,328,-137.58799744403672,S3,2,Gln132 pocket
45,329,-122.54410407305203,S3,1,loose / exposed
45,330,-109.18473558141582,S3,2,Gln132 pocket
45,331,-133.21166441331067,S3,2,Gln132 pocket
45,332,-117.51863978876574,S3,2,Gln132 pocket
45,333,-110.21429000814138,S3,2,Gln132 pocket
45,334,-145.34999383693798,S3,2,Gln132 pocket
45,335,-131.3759583599409,S3,2,Gln132 pocket
45,336,-104.9435931139451,S3,2,Gln132 pocket
45,337,-148.32750042290795,S3,2,Gln132 pocket
45,338,-105.0468445839103,S3,2,Gln132 pocket
45,339,-133.37577470597773,S3,2,Gln132 pocket
45,340,-116.4919462584516,S3,2,Gln132 pocket
45,341,-125.68742469421782,S3,2,Gln132 pocket
45,342,-140.7022779567789,S3,2,Gln132 pocket
45,343,-121.48740663539603,S3,2,Gln132 pocket
45,344,-129.43690685985868,S3,2,Gln132 pocket
45,345,-119.1874456040788,S3,2,Gln132 pocket
45,346,-134.52075969062798,S3,1,loose / exposed
45,347,-144.62256195312548,S3,2,Gln132 pocket
45,348,-103.8812101390973,S3,2,Gln132 pocket
45,349,-138.6837777379839,S3,2,Gln132 pocket
45,350,-99.71588965892866,S3,2,Gln132 pocket
45,351,-106.2630080640875,S3,2,Gln132 pocket
45,352,-96.42389541241404,S3,2,Gln132 pocket
45,353,-90.45744170164306,S3,1,loose / exposed
45,354,-129.02854366519986,S3,2,Gln132 pocket
45,355,-109.68379591580539,S3,1,loose / exposed
45,356,-106.66018266941698,S3,2,Gln132 pocket
45,357,-124.40699074906327,S3,2,Gln132 pocket
45,358,-106.99792782144534,S3,2,Gln132 pocket
45,359,-108.34416664767204,S3,2,Gln132 pocket
45,360,-119.93050582165245,S3,2,Gln132 pocket
45,361,-112.65189559268723,S3,2,Gln132 pocket
45,362,-120.42635564774727,S3,2,Gln132 pocket
45,363,-82.63565098614662,S2,1,loose / exposed
45,364,-90.72446221919952,S3,1,loose / exposed
45,365,-90.01747897422693,S3,2,Gln132 pocket
45,366,-109.79805949168863,S3,2,Gln132 pocket
45,367,-103.42862912806513,S3,2,Gln132 pocket
45,368,-95.45167363135513,S3,2,Gln132 pocket
45,369,-100.99056612508207,S3,2,Gln132 pocket
45,370,-109.1815087082834,S3,2,Gln132 pocket
45,371,-80.63468128217379,S2,2,Gln132 pocket
45,372,-103.30411571439467,S3,1,loose / exposed
45,373,-106.89868297860176,S3,2,Gln132 pocket
45,374,-111.78571540133049,S3,2,Gln132 pocket
45,375,-106.46931037026303,S3,2,Gln132 pocket
45,376,-115.89873403252714,S3,2,Gln132 pocket
45,377,-99.79237382315969,S3,2,Gln132 pocket
45,378,-80.99507214668809,S2,1,loose / exposed
45,379,-83.72041879056962,S2,1,loose / exposed
45,380,-105.7850924174674,S3,2,Gln132 pocket
45,381,-108.12047462792636,S3,1,loose / exposed
45,382,-92.38032088174624,S3,2,Gln132 pocket
45,383,-138.4010210738223,S3,2,Gln132 pocket
45,384,-109.44558899618457,S3,2,Gln132 pocket
45,385,-83.11111518312875,S2,2,Gln132 pocket
45,386,-88.88568626245622,S2,1,loose / exposed
45,387,-98.6766161568105,S3,1,loose / exposed
45,388,-103.36332063347557,S3,1,loose / exposed
45,389,-95.30408492029659,S3,2,Gln132 pocket
45,390,-110.97510395469463,S3,2,Gln132 pocket
45,391,-85.5352135158872,S2,2,Gln132 pocket
45,392,-88.21899676353416,S2,2,Gln132 pocket
45,393,-107.14655402676436,S3,2,Gln132 pocket
45,394,-90.41931414340017,S3,2,Gln132 pocket
45,395,-125.89739374734832,S3,2,Gln132 pocket
45,396,-112.39348948621698,S3,1,loose / exposed
45,397,-87.93621364312004,S2,1,loose / exposed
45,398,-122.21931492808518,S3,2,Gln132 pocket
45,399,-117.31699181543767,S3,2,Gln132 pocket
45,400,-126.85995709739576,S3,2,Gln132 pocket
45,401,-86.9411765236525,S2,2,Gln132 pocket
45,402,-112.95743261040421,S3,2,Gln132 pocket
45,403,-100.47523802840885,S3,2,Gln132 pocket
45,404,-117.46979931985346,S3,2,Gln132 pocket
45,405,-77.71040800300842,S2,1,loose / exposed
45,406,-95.98031872357078,S3,2,Gln132 pocket
45,407,-111.20607809387666,S3,1,loose / exposed
45,408,-85.52143944252944,S2,2,Gln132 pocket
45,409,-110.86269669179276,S3,1,loose / exposed
45,410,-111.74537508266195,S3,1,loose / exposed
45,411,-62.89479634739173,S2,1,loose / exposed
45,412,-113.05238637862773,S3,1,loose / exposed
45,413,-123.6956641641596,S3,2,Gln132 pocket
45,414,-83.05629109841756,S2,1,loose / exposed
45,415,-107.46586539762876,S3,2,Gln132 pocket
45,416,-117.73928727600686,S3,2,Gln132 pocket
45,417,-93.4577539795007,S3,1,loose / exposed
45,418,-98.8657089705869,S3,2,Gln132 pocket
45,419,-112.1671752649307,S3,2,Gln132 pocket
45,420,-103.49312304305981,S3,2,Gln132 pocket
45,421,-106.97575672404584,S3,1,loose / exposed
45,422,-120.89228983749499,S3,2,Gln132 pocket
45,423,-115.92281785991493,S3,2,Gln132 pocket
45,424,-125.26516568640379,S3,1,loose / exposed
45,425,-95.53169688254224,S3,2,Gln132 pocket
45,426,-97.49677362562494,S3,2,Gln132 pocket
45,427,-105.25468047918497,S3,2,Gln132 pocket
45,428,-98.9873215853096,S3,2,Gln132 pocket
45,429,-99.70634618367504,S3,2,Gln132 pocket
45,430,-90.99919347442147,S3,1,loose / exposed
45,431,-113.05649222498181,S3,2,Gln132 pocket
45,432,-122.7361476607679,S3,2,Gln132 pocket
45,433,-119.25765975564818,S3,2,Gln132 pocket
45,434,-114.67467279162351,S3,2,Gln132 pocket
45,435,-112.49104496532472,S3,2,Gln132 pocket
45,436,-103.05070645816919,S3,1,loose / exposed
45,437,-131.30258921629283,S3,1,loose / exposed
45,438,-113.03966365644736,S3,1,loose / exposed
45,439,-127.18309438943886,S3,2,Gln132 pocket
45,440,-126.78911518583644,S3,2,Gln132 pocket
45,441,-124.90465660313225,S3,2,Gln132 pocket
45,442,-119.93422949992328,S3,2,Gln132 pocket
45,443,-100.100927337078,S3,2,Gln132 pocket
45,444,-131.57515347802152,S3,1,loose / exposed
45,445,-120.83639749519602,S3,2,Gln132 pocket
45,446,-134.27285577643164,S3,2,Gln132 pocket
45,447,-131.35042807774047,S3,2,Gln132 pocket
45,448,-126.16078128615395,S3,2,Gln132 pocket
45,449,-142.78883581818306,S3,2,Gln132 pocket
45,450,-124.24959229309154,S3,2,Gln132 pocket
45,451,-131.7803077672399,S3,2,Gln132 pocket
45,452,-107.10369439949353,S3,2,Gln132 pocket
45,453,-128.11640398716946,S3,2,Gln132 pocket
45,454,-117.97560706609994,S3,2,Gln132 pocket
45,455,-106.57276168203319,S3,2,Gln132 pocket
45,456,-117.21181371885721,S3,2,Gln132 pocket
45,457,-134.08855658437912,S3,2,Gln132 pocket
45,458,-126.098486831063,S3,2,Gln132 pocket
45,459,-118.85021830161534,S3,2,Gln132 pocket
45,460,-121.05647798500723,S3,2,Gln132 pocket
45,461,-111.13087578743506,S3,2,Gln132 pocket
45,462,-120.03546705765646,S3,2,Gln132 pocket
45,463,-134.65040630349426,S3,2,Gln132 pocket
45,464,-116.4994259563737,S3,2,Gln132 pocket
45,465,-105.74369414387212,S3,2,Gln132 pocket
45,466,-129.2842471876964,S3,2,Gln132 pocket
45,467,-109.41677043017165,S3,2,Gln132 pocket
45,468,-113.72395277556096,S3,2,Gln132 pocket
45,469,-143.17352727981935,S3,2,Gln132 pocket
45,470,-153.70709722794516,S3,2,Gln132 pocket
45,471,-138.18748405095897,S3,2,Gln132 pocket
45,472,-137.83475311493876,S3,2,Gln132 pocket
45,473,-121.86565404995612,S3,2,Gln132 pocket
45,474,-134.0002122950956,S3,2,Gln132 pocket
45,475,-93.84242015794133,S3,1,loose / exposed
45,476,-108.1122995326515,S3,2,Gln132 pocket
45,477,-121.06299493415055,S3,2,Gln132 pocket
45,478,-104.62155268767879,S3,2,Gln132 pocket
45,479,-123.50650517064462,S3,2,Gln132 pocket
45,480,-125.58174511976551,S3,2,Gln132 pocket
45,481,-107.85791461731598,S3,1,loose / exposed
45,482,-116.6519139773924,S3,2,Gln132 pocket
45,483,-136.00771443664635,S3,2,Gln132 pocket
45,484,-116.5728325538521,S3,2,Gln132 pocket
45,485,-101.61092195805055,S3,2,Gln132 pocket
45,486,-140.2228777773922,S3,2,Gln132 pocket
45,487,-133.63670574175302,S3,2,Gln132 pocket
45,488,-134.33155758367886,S3,2,Gln132 pocket
45,489,-154.72204391924973,S3,2,Gln132 pocket
45,490,-128.4880312625879,S3,2,Gln132 pocket
45,491,-140.75598745633687,S3,2,Gln132 pocket
45,492,-124.15754970298316,S3,2,Gln132 pocket
45,493,-122.8218950671204,S3,2,Gln132 pocket
45,494,-130.37212111923782,S3,2,Gln132 pocket
45,495,-116.4031147959408,S3,2,Gln132 pocket
45,496,-115.78641400876748,S3,2,Gln132 pocket
45,497,-116.18900183808073,S3,2,Gln132 pocket
45,498,-99.944251100204,S3,2,Gln132 pocket
45,499,-118.5635948732939,S3,2,Gln132 pocket
45,500,-109.78046106231822,S3,2,Gln132 pocket
45,501,-123.92459531291219,S3,2,Gln132 pocket
45,502,-109.85959978145766,S3,2,Gln132 pocket
45,503,-124.12324552178936,S3,2,Gln132 pocket
45,504,-150.3570761745539,S3,2,Gln132 pocket
45,505,-125.09792795326102,S3,2,Gln132 pocket
45,506,-127.21745852221156,S3,2,Gln132 pocket
45,507,-104.92859236892657,S3,2,Gln132 pocket
45,508,-104.77259725140398,S3,2,Gln132 pocket
45,509,-132.69781275895895,S3,2,Gln132 pocket
45,510,-115.42370234676565,S3,2,Gln132 pocket
45,511,-121.64184039845634,S3,2,Gln132 pocket
45,512,-127.06297641946638,S3,2,Gln132 pocket
45,513,-119.06761257335401,S3,2,Gln132 pocket
45,514,-162.85668676149103,other,2,Gln132 pocket
45,515,-138.1113188806347,S3,2,Gln132 pocket
45,516,-131.09149936274622,S3,2,Gln132 pocket
45,517,-119.83009014481667,S3,2,Gln132 pocket
45,518,-150.25040696150091,S3,2,Gln132 pocket
45,519,-158.18841622522464,S3,2,Gln132 pocket
45,520,-134.75095214061662,S3,2,Gln132 pocket
45,521,-131.10713957101717,S3,2,Gln132 pocket
45,522,-107.81921965393151,S3,2,Gln132 pocket
45,523,-117.17561788418834,S3,2,Gln132 pocket
45,524,-145.78551663982128,S3,2,Gln132 pocket
45,525,-110.72431601485015,S3,2,Gln132 pocket
45,526,-137.28742232044962,S3,2,Gln132 pocket
45,527,-138.8343012457291,S3,2,Gln132 pocket
45,528,-120.9609767629826,S3,2,Gln132 pocket
45,529,-135.77618495858425,S3,2,Gln132 pocket
45,530,-134.52137086875138,S3,2,Gln132 pocket
45,531,-149.795935449488,S3,2,Gln132 pocket
45,532,-122.01158217120266,S3,2,Gln132 pocket
45,533,-136.86889094955765,S3,2,Gln132 pocket
45,534,-141.6362029334008,S3,2,Gln132 pocket
45,535,-129.4591354835003,S3,2,Gln132 pocket
45,536,-120.67722078244282,S3,2,Gln132 pocket
45,537,-125.63052533475448,S3,2,Gln132 pocket
45,538,-136.45875936619734,S3,2,Gln132 pocket
45,539,-120.76894227639467,S3,2,Gln132 pocket
45,540,-158.8744930613725,S3,2,Gln132 pocket
45,541,-123.81996911978968,S3,2,Gln132 pocket
45,542,-148.53030409699832,S3,2,Gln132 pocket
45,543,-135.523749872166,S3,1,loose / exposed
45,544,-118.22646702507951,S3,2,Gln132 pocket
45,545,-162.87694505794963,other,2,Gln132 pocket
45,546,-138.88719286016234,S3,2,Gln132 pocket
45,547,-136.97079831633852,S3,2,Gln132 pocket
45,548,-145.58218349417712,S3,2,Gln132 pocket
45,549,-129.63664101404333,S3,2,Gln132 pocket
45,550,-127.2412363569777,S3,2,Gln132 pocket
45,551,-121.47495252880432,S3,2,Gln132 pocket
45,552,-128.11549541670027,S3,2,Gln132 pocket
45,553,-129.3276020409657,S3,2,Gln132 pocket
45,554,-131.81311278568748,S3,2,Gln132 pocket
45,555,-129.31120274986387,S3,2,Gln132 pocket
45,556,-133.52524563805858,S3,2,Gln132 pocket
45,557,-124.7214685871427,S3,2,Gln132 pocket
45,558,-127.73580839609755,S3,2,Gln132 pocket
45,559,-141.81541092303223,S3,2,Gln132 pocket
45,560,-117.50212296637112,S3,2,Gln132 pocket
45,561,-140.39416964348578,S3,2,Gln132 pocket
45,562,-117.9158829775297,S3,2,Gln132 pocket
45,563,-138.38850381666097,S3,2,Gln132 pocket
45,564,-139.96839979264848,S3,2,Gln132 pocket
45,565,-146.14538407639532,S3,2,Gln132 pocket
45,566,-131.97018316231333,S3,2,Gln132 pocket
45,567,-121.50316754292241,S3,2,Gln132 pocket
45,568,-144.6366744113203,S3,2,Gln132 pocket
45,569,-136.03929370927648,S3,2,Gln132 pocket
45,570,-80.17207515681811,S2,2,Gln132 pocket
45,571,-122.46037244106972,S3,2,Gln132 pocket
45,572,-137.33052088071494,S3,2,Gln132 pocket
45,573,-139.95385861948304,S3,2,Gln132 pocket
45,574,-126.7131477744213,S3,2,Gln132 pocket
45,575,-148.30609633284814,S3,2,Gln132 pocket
45,576,-116.62690688461679,S3,2,Gln132 pocket
45,577,-124.4950616153804,S3,2,Gln132 pocket
45,578,-164.3092318937539,other,2,Gln132 pocket
45,579,-130.31860061721943,S3,2,Gln132 pocket
45,580,-149.94609685901915,S3,2,Gln132 pocket
45,581,-129.26619069489522,S3,2,Gln132 pocket
45,582,-133.40683705659578,S3,2,Gln132 pocket
45,583,-137.96290235279417,S3,2,Gln132 pocket
45,584,-140.79853927655583,S3,2,Gln132 pocket
45,585,-114.41440205970066,S3,2,Gln132 pocket
45,586,-145.86478291957542,S3,2,Gln132 pocket
45,587,-116.50393307057807,S3,2,Gln132 pocket
45,588,-134.3359977523057,S3,2,Gln132 pocket
45,589,-110.99728483201375,S3,2,Gln132 pocket
45,590,-109.92840044741989,S3,2,Gln132 pocket
45,591,-155.4405491497534,S3,2,Gln132 pocket
45,592,-115.13330883530449,S3,2,Gln132 pocket
45,593,-129.46549183256,S3,2,Gln132 pocket
45,594,-122.76069658512641,S3,2,Gln132 pocket
45,595,-161.87694492089474,other,2,Gln132 pocket
45,596,-134.74996531551074,S3,2,Gln132 pocket
45,597,-110.70948116972629,S3,2,Gln132 pocket
45,598,-133.2517073992506,S3,2,Gln132 pocket
45,599,-137.21282345390142,S3,2,Gln132 pocket
45,600,-140.65039517714015,S3,2,Gln132 pocket
45,601,-156.1982256353372,S3,2,Gln132 pocket
45,602,-127.20217222082181,S3,2,Gln132 pocket
45,603,-112.37373271066043,S3,2,Gln132 pocket
45,604,-102.31329393951636,S3,1,loose / exposed
45,605,-116.70185218211671,S3,2,Gln132 pocket
45,606,-134.96081012734373,S3,2,Gln132 pocket
45,607,-120.87516080167136,S3,2,Gln132 pocket
45,608,-134.27513568015326,S3,2,Gln132 pocket
45,609,-127.26341490047,S3,2,Gln132 pocket
45,610,-127.3667670153629,S3,2,Gln132 pocket
45,611,-120.79434757242792,S3,2,Gln132 pocket
45,612,-135.1089341754515,S3,2,Gln132 pocket
45,613,-114.19967015687483,S3,2,Gln132 pocket
45,614,-154.6155638828379,S3,2,Gln132 pocket
45,615,-115.41121669693453,S3,2,Gln132 pocket
45,616,-109.93619763662458,S3,2,Gln132 pocket
45,617,-109.16941188807276,S3,2,Gln132 pocket
45,618,-120.10968243520949,S3,2,Gln132 pocket
45,619,-103.34610501129687,S3,2,Gln132 pocket
45,620,-132.1342735062503,S3,2,Gln132 pocket
45,621,-153.56646213270452,S3,2,Gln132 pocket
45,622,-149.0260556048896,S3,2,Gln132 pocket
45,623,-129.2384138989528,S3,2,Gln132 pocket
45,624,-114.48626822325444,S3,2,Gln132 pocket
45,625,-105.73351191795219,S3,2,Gln132 pocket
45,626,-92.39540089219965,S3,1,loose / exposed
45,627,-114.44570243736874,S3,2,Gln132 pocket
45,628,-128.71324903589527,S3,2,Gln132 pocket
45,629,-125.10423738175153,S3,2,Gln132 pocket
45,630,-124.43486242947779,S3,2,Gln132 pocket
45,631,-143.66843120525016,S3,2,Gln132 pocket
45,632,-153.59385923360847,S3,2,Gln132 pocket
45,633,-154.91899502391038,S3,2,Gln132 pocket
45,634,-136.87922504067012,S3,2,Gln132 pocket
45,635,-133.5711973264904,S3,2,Gln132 pocket
45,636,-134.03239116321302,S3,2,Gln132 pocket
45,637,-136.34783113158124,S3,2,Gln132 pocket
45,638,-122.95168995867249,S3,2,Gln132 pocket
45,639,-144.79553289862,S3,2,Gln132 pocket
45,640,-150.9572760517736,S3,2,Gln132 pocket
45,641,-120.70981534969731,S3,2,Gln132 pocket
45,642,-141.09484252009008,S3,2,Gln132 pocket
45,643,-120.4354759770018,S3,2,Gln132 pocket
45,644,-114.252580813241,S3,2,Gln132 pocket
45,645,-146.24020877912858,S3,2,Gln132 pocket
45,646,-109.1648886253847,S3,2,Gln132 pocket
45,647,-165.0124979431625,other,2,Gln132 pocket
45,648,-144.96208169429477,S3,2,Gln132 pocket
45,649,-140.55081031074445,S3,2,Gln132 pocket
45,650,-128.82153736101395,S3,2,Gln132 pocket
45,651,-150.126918411901,S3,2,Gln132 pocket
45,652,-114.99418450996976,S3,2,Gln132 pocket
45,653,-112.64281469736758,S3,2,Gln132 pocket
45,654,-67.53135348201093,S2,2,Gln132 pocket
45,655,-123.77886140485978,S3,2,Gln132 pocket
45,656,-58.30702075150914,S2,1,loose / exposed
45,657,-135.6519479840097,S3,2,Gln132 pocket
45,658,-141.2886550920115,S3,2,Gln132 pocket
45,659,-116.44632954605885,S3,2,Gln132 pocket
45,660,-134.36306797310812,S3,2,Gln132 pocket
45,661,-122.22829811031913,S3,2,Gln132 pocket
45,662,-114.2815927292646,S3,2,Gln132 pocket
45,663,-147.66469348216907,S3,2,Gln132 pocket
45,664,-142.90610897170797,S3,2,Gln132 pocket
45,665,-127.49632706104742,S3,2,Gln132 pocket
45,666,-119.48141890519165,S3,2,Gln132 pocket
45,667,-121.68958883087207,S3,1,loose / exposed
45,668,-99.9440607401031,S3,2,Gln132 pocket
45,669,-131.06508481366834,S3,2,Gln132 pocket
45,670,-106.67424053111786,S3,2,Gln132 pocket
45,671,-129.71669068708678,S3,2,Gln132 pocket
45,672,-112.83698024616622,S3,2,Gln132 pocket
45,673,-130.2561663264371,S3,2,Gln132 pocket
45,674,-128.13053889815708,S3,2,Gln132 pocket
45,675,-95.54203855098561,S3,2,Gln132 pocket
45,676,-119.91173150175041,S3,2,Gln132 pocket
45,677,-107.78835492833315,S3,2,Gln132 pocket
45,678,-122.085072836118,S3,2,Gln132 pocket
45,679,-125.22323090798004,S3,2,Gln132 pocket
45,680,-124.89212143976744,S3,2,Gln132 pocket
45,681,-149.20092289177813,S3,2,Gln132 pocket
45,682,-118.95761890994333,S3,2,Gln132 pocket
45,683,-116.96795079505232,S3,2,Gln132 pocket
45,684,-149.32615141514307,S3,2,Gln132 pocket
45,685,-124.73987266321912,S3,2,Gln132 pocket
45,686,-138.7971244748957,S3,2,Gln132 pocket
45,687,-139.62308778886722,S3,2,Gln132 pocket
45,688,-107.83109246982463,S3,2,Gln132 pocket
45,689,-120.87589094162942,S3,2,Gln132 pocket
45,690,-92.42688416982666,S3,2,Gln132 pocket
45,691,-91.72898539852038,S3,2,Gln132 pocket
45,692,-137.2705018340399,S3,2,Gln132 pocket
45,693,-114.74097312535255,S3,2,Gln132 pocket
45,694,-126.09542553017829,S3,2,Gln132 pocket
45,695,-124.81171005316719,S3,2,Gln132 pocket
45,696,-96.44593127320944,S3,2,Gln132 pocket
45,697,-125.46695143303022,S3,2,Gln132 pocket
45,698,-127.96800773118231,S3,2,Gln132 pocket
45,699,-136.20000823802866,S3,2,Gln132 pocket
45,700,-113.14820725387335,S3,2,Gln132 pocket
45,701,-124.66670325967934,S3,2,Gln132 pocket
45,702,-123.1405764271729,S3,2,Gln132 pocket
45,703,-126.71087936736231,S3,2,Gln132 pocket
45,704,-116.17634139093349,S3,2,Gln132 pocket
45,705,-123.96661487171663,S3,2,Gln132 pocket
45,706,-122.48655238174113,S3,2,Gln132 pocket
45,707,-101.13875961203371,S3,2,Gln132 pocket
45,708,-101.9137441994639,S3,2,Gln132 pocket
45,709,-113.51983236314132,S3,2,Gln132 pocket
45,710,-116.9849633004528,S3,2,Gln132 pocket
45,711,-107.17546391564515,S3,2,Gln132 pocket
45,712,-109.64977935689575,S3,2,Gln132 pocket
45,713,-119.51116973174405,S3,2,Gln132 pocket
45,714,-123.17902919195303,S3,2,Gln132 pocket
45,715,-110.41065015943197,S3,2,Gln132 pocket
45,716,-121.43848317481273,S3,2,Gln132 pocket
45,717,-110.71098139732592,S3,2,Gln132 pocket
45,718,-130.36216243808286,S3,2,Gln132 pocket
45,719,-116.74726200272342,S3,2,Gln132 pocket
45,720,-111.67762866655744,S3,2,Gln132 pocket
45,721,-109.02538418771292,S3,1,loose / exposed
45,722,-102.8307579123925,S3,2,Gln132 pocket
45,723,-81.51423597320489,S2,2,Gln132 pocket
45,724,-94.21101572670226,S3,2,Gln132 pocket
45,725,-100.58478099547132,S3,2,Gln132 pocket
45,726,-74.72261302615563,S2,2,Gln132 pocket
45,727,-104.98104812521578,S3,2,Gln132 pocket
45,728,-131.20724211549512,S3,2,Gln132 pocket
45,729,-124.11232150261716,S3,2,Gln132 pocket
45,730,-105.51175660130575,S3,2,Gln132 pocket
45,731,-148.84426961149595,S3,2,Gln132 pocket
45,732,-130.3244687640418,S3,2,Gln132 pocket
45,733,-134.7671536819186,S3,2,Gln132 pocket
45,734,-106.3533695409067,S3,2,Gln132 pocket
45,735,-127.3475258285414,S3,2,Gln132 pocket
45,736,-148.30603759661622,S3,2,Gln132 pocket
45,737,-126.72010438771066,S3,2,Gln132 pocket
45,738,-116.8661738947345,S3,2,Gln132 pocket
45,739,-105.60488549619524,S3,2,Gln132 pocket
45,740,-95.88265661283073,S3,2,Gln132 pocket
45,741,-115.78899548766736,S3,2,Gln132 pocket
45,742,-126.76743113220522,S3,2,Gln132 pocket
45,743,-138.81060519026693,S3,2,Gln132 pocket
45,744,-126.67608683810272,S3,2,Gln132 pocket
45,745,-127.05582825350291,S3,2,Gln132 pocket
45,746,-99.12697918763863,S3,2,Gln132 pocket
45,747,-132.76950506201078,S3,2,Gln132 pocket
45,748,-113.2096931708643,S3,2,Gln132 pocket
45,749,-127.13311909258844,S3,2,Gln132 pocket
45,750,-97.1015387787037,S3,2,Gln132 pocket
45,751,-120.12295826553351,S3,2,Gln132 pocket
45,752,-120.46732720445708,S3,2,Gln132 pocket
45,753,-133.06346246241117,S3,2,Gln132 pocket
45,754,-125.59900532868461,S3,2,Gln132 pocket
45,755,-124.26232953156438,S3,2,Gln132 pocket
45,756,-124.25744963512618,S3,2,Gln132 pocket
45,757,-127.6043532504533,S3,2,Gln132 pocket
45,758,-133.84287000525578,S3,2,Gln132 pocket
45,759,-122.84703089811906,S3,2,Gln132 pocket
45,760,-133.5582649601502,S3,2,Gln132 pocket
45,761,-144.2682419010725,S3,2,Gln132 pocket
45,762,-123.28147452850625,S3,2,Gln132 pocket
45,763,-152.0938263338376,S3,2,Gln132 pocket
45,764,-134.43165091594847,S3,2,Gln132 pocket
45,765,-148.17703316012066,S3,2,Gln132 pocket
45,766,-160.521442787704,other,2,Gln132 pocket
45,767,-110.47463886797033,S3,1,loose / exposed
45,768,-117.67745404491922,S3,1,loose / exposed
45,769,-99.57852433210086,S3,1,loose / exposed
45,770,-105.69166849551779,S3,2,Gln132 pocket
45,771,-93.8334590188219,S3,1,loose / exposed
45,772,-100.61456892867798,S3,1,loose / exposed
45,773,-114.94073467450359,S3,1,loose / exposed
45,774,-137.88225833270457,S3,1,loose / exposed
45,775,-109.64777056642848,S3,1,loose / exposed
45,776,-119.95097650927643,S3,2,Gln132 pocket
45,777,-111.95590231705913,S3,1,loose / exposed
45,778,-122.631243759596,S3,2,Gln132 pocket
45,779,-104.5277643881311,S3,2,Gln132 pocket
45,780,-88.49355495365394,S2,2,Gln132 pocket
45,781,-92.70910328533685,S3,2,Gln132 pocket
45,782,-136.93734685165936,S3,2,Gln132 pocket
45,783,-106.72081494592145,S3,2,Gln132 pocket
45,784,-125.740084573411,S3,2,Gln132 pocket
45,785,-109.50636163195807,S3,2,Gln132 pocket
45,786,-85.993988260134,S2,1,loose / exposed
45,787,-88.38477043395035,S2,2,Gln132 pocket
45,788,-92.6945766486077,S3,1,loose / exposed
45,789,-107.54334031168914,S3,2,Gln132 pocket
45,790,-103.0682689386592,S3,2,Gln132 pocket
45,791,-115.45572395564862,S3,2,Gln132 pocket
45,792,-119.15354756411732,S3,2,Gln132 pocket
45,793,-105.11559420301751,S3,2,Gln132 pocket
45,794,-125.37832671374711,S3,2,Gln132 pocket
45,795,-108.4395881554817,S3,2,Gln132 pocket
45,796,-123.70657728228032,S3,2,Gln132 pocket
45,797,-130.02335715765196,S3,2,Gln132 pocket
45,798,-109.24273433146628,S3,1,loose / exposed
45,799,-125.36093921799281,S3,2,Gln132 pocket
45,800,-116.4388653882354,S3,2,Gln132 pocket
45,801,-124.33571353711207,S3,2,Gln132 pocket
45,802,-129.7163839550527,S3,2,Gln132 pocket
45,803,-125.42574666682368,S3,2,Gln132 pocket
45,804,-124.85123260152648,S3,2,Gln132 pocket
45,805,-130.10925705123466,S3,2,Gln132 pocket
45,806,-117.96931893059595,S3,2,Gln132 pocket
45,807,-114.1922055863601,S3,2,Gln132 pocket
45,808,-128.52496882702005,S3,2,Gln132 pocket
45,809,-139.51674457114294,S3,2,Gln132 pocket
45,810,-111.48852341013114,S3,2,Gln132 pocket
45,811,-127.20968875709933,S3,2,Gln132 pocket
45,812,-137.39545523331347,S3,2,Gln132 pocket
45,813,-103.3928745552299,S3,2,Gln132 pocket
45,814,-131.1314659538894,S3,2,Gln132 pocket
45,815,-142.0818297242852,S3,2,Gln132 pocket
45,816,-127.41071606930973,S3,2,Gln132 pocket
45,817,-139.90121419466792,S3,2,Gln132 pocket
45,818,-131.3906373850165,S3,2,Gln132 pocket
45,819,-127.80894986444818,S3,2,Gln132 pocket
45,820,-126.3879817223943,S3,2,Gln132 pocket
45,821,-136.34173043779634,S3,2,Gln132 pocket
45,822,-130.0392880157913,S3,2,Gln132 pocket
45,823,-148.94570159101067,S3,2,Gln132 pocket
45,824,-113.38067839960098,S3,2,Gln132 pocket
45,825,-120.0087289122935,S3,2,Gln132 pocket
45,826,-114.95423993483695,S3,2,Gln132 pocket
45,827,-142.42785532784237,S3,2,Gln132 pocket
45,828,-113.01208778830991,S3,2,Gln132 pocket
45,829,-127.54384183719914,S3,2,Gln132 pocket
45,830,-123.60087755758597,S3,2,Gln132 pocket
45,831,-118.05362717435911,S3,2,Gln132 pocket
45,832,-116.42353433094235,S3,2,Gln132 pocket
45,833,-101.83892267492276,S3,2,Gln132 pocket
45,834,-124.46269190953721,S3,2,Gln132 pocket
45,835,-106.65870409828639,S3,1,loose / exposed
45,836,-120.67781375927977,S3,1,loose / exposed
45,837,-105.80157726575372,S3,1,loose / exposed
45,838,-100.30020466118079,S3,1,loose / exposed
45,839,-110.72137816968558,S3,1,loose / exposed
45,840,-114.30901520332796,S3,1,loose / exposed
45,841,-102.37148370578691,S3,2,Gln132 pocket
45,842,-112.99561961578141,S3,2,Gln132 pocket
45,843,-137.31867616663206,S3,2,Gln132 pocket
45,844,-131.89098647481052,S3,2,Gln132 pocket
45,845,-122.63243224687952,S3,2,Gln132 pocket
45,846,-126.79344322005838,S3,2,Gln132 pocket
45,847,-113.92558864510355,S3,2,Gln132 pocket
45,848,-124.63823173433086,S3,2,Gln132 pocket
45,849,-107.10442126994838,S3,2,Gln132 pocket
45,850,-105.92609332602902,S3,2,Gln132 pocket
45,851,-134.00608035567166,S3,2,Gln132 pocket
45,852,-125.75739968521789,S3,2,Gln132 pocket
45,853,-131.10692847830515,S3,2,Gln132 pocket
45,854,-124.97775614048756,S3,2,Gln132 pocket
45,855,-102.27482064236118,S3,2,Gln132 pocket
45,856,-143.19067273290898,S3,2,Gln132 pocket
45,857,-152.55204616605485,S3,2,Gln132 pocket
45,858,-107.15599456972026,S3,2,Gln132 pocket
45,859,-106.84280496225382,S3,2,Gln132 pocket
45,860,-136.76011440693136,S3,2,Gln132 pocket
45,861,-142.90947823084147,S3,2,Gln132 pocket
45,862,-150.22169720331226,S3,2,Gln132 pocket
45,863,-132.35378176086923,S3,2,Gln132 pocket
45,864,-136.89788826116703,S3,2,Gln132 pocket
45,865,-113.23241755219928,S3,2,Gln132 pocket
45,866,-122.60043011674455,S3,2,Gln132 pocket
45,867,-134.19259217903698,S3,2,Gln132 pocket
45,868,-129.88725059944917,S3,2,Gln132 pocket
45,869,-120.4054388660177,S3,2,Gln132 pocket
45,870,-128.22237207363878,S3,2,Gln132 pocket
45,871,-123.61788278887131,S3,2,Gln132 pocket
45,872,-99.14864117605141,S3,2,Gln132 pocket
45,873,-129.49526617421674,S3,2,Gln132 pocket
45,874,-132.90984384401912,S3,2,Gln132 pocket
45,875,-127.9216511917077,S3,2,Gln132 pocket
45,876,-118.40767621312804,S3,2,Gln132 pocket
45,877,-131.49743565552578,S3,2,Gln132 pocket
45,878,-123.52469571383148,S3,2,Gln132 pocket
45,879,-122.50598080058367,S3,2,Gln132 pocket
45,880,-123.1400740798946,S3,2,Gln132 pocket
45,881,-128.9108998865946,S3,2,Gln132 pocket
45,882,-119.70535123440459,S3,2,Gln132 pocket
45,883,-121.22844563575107,S3,2,Gln132 pocket
45,884,-120.709094649156,S3,2,Gln132 pocket
45,885,-135.76155185914047,S3,2,Gln132 pocket
45,886,-118.57003603995919,S3,2,Gln132 pocket
45,887,-117.20199627602099,S3,2,Gln132 pocket
45,888,-123.7057466838125,S3,2,Gln132 pocket
45,889,-136.79047605930126,S3,2,Gln132 pocket
45,890,-122.6949582782488,S3,2,Gln132 pocket
45,891,-136.28289972938106,S3,2,Gln132 pocket
45,892,-111.92900730951354,S3,2,Gln132 pocket
45,893,-120.55758383251919,S3,2,Gln132 pocket
45,894,-124.90227429866228,S3,2,Gln132 pocket
45,895,-120.87278558564304,S3,2,Gln132 pocket
45,896,-111.45282413041052,S3,2,Gln132 pocket
45,897,-137.37380131281387,S3,2,Gln132 pocket
45,898,-129.58922303328058,S3,2,Gln132 pocket
45,899,-138.47266442090415,S3,2,Gln132 pocket
45,900,-143.56006781449207,S3,2,Gln132 pocket
45,901,-125.38127916410409,S3,2,Gln132 pocket
45,902,-126.42847247036795,S3,2,Gln132 pocket
45,903,-125.79979092441786,S3,2,Gln132 pocket
45,904,-132.0460727966796,S3,2,Gln132 pocket
45,905,-135.80562289883352,S3,2,Gln132 pocket
45,906,-122.08665106869243,S3,2,Gln132 pocket
45,907,-131.15167060988287,S3,2,Gln132 pocket
45,908,-129.54638914938056,S3,2,Gln132 pocket
45,909,-121.64881398274105,S3,2,Gln132 pocket
45,910,-119.07827022853847,S3,2,Gln132 pocket
45,911,-127.23070930088826,S3,2,Gln132 pocket
45,912,-108.26022338913258,S3,2,Gln132 pocket
45,913,-136.0693603969354,S3,2,Gln132 pocket
45,914,-101.51312879054794,S3,2,Gln132 pocket
45,915,-125.60264984548293,S3,2,Gln132 pocket
45,916,-128.30186199398491,S3,2,Gln132 pocket
45,917,-132.48976446960674,S3,2,Gln132 pocket
45,918,-120.56798278204353,S3,2,Gln132 pocket
45,919,-120.58532826687501,S3,2,Gln132 pocket
45,920,-130.42109847914978,S3,2,Gln132 pocket
45,921,-124.35388573317505,S3,2,Gln132 pocket
45,922,-115.49958706407709,S3,2,Gln132 pocket
45,923,-127.79764122006932,S3,2,Gln132 pocket
45,924,-102.45879652746535,S3,2,Gln132 pocket
45,925,-123.14684478197432,S3,2,Gln132 pocket
45,926,-122.04234300364585,S3,2,Gln132 pocket
45,927,-124.86889762795366,S3,2,Gln132 pocket
45,928,-134.0132742740707,S3,2,Gln132 pocket
45,929,-110.58475854119293,S3,2,Gln132 pocket
45,930,-118.69600520605223,S3,2,Gln132 pocket
45,931,-117.83796187977369,S3,2,Gln132 pocket
45,932,-115.15758492136784,S3,2,Gln132 pocket
45,933,-124.64057283784886,S3,2,Gln132 pocket
45,934,-128.1418920018465,S3,2,Gln132 pocket
45,935,-131.82596610507565,S3,2,Gln132 pocket
45,936,-129.32136029363974,S3,2,Gln132 pocket
45,937,-135.69495934073802,S3,2,Gln132 pocket
45,938,-158.33699451690347,S3,2,Gln132 pocket
45,939,-118.51400474281363,S3,2,Gln132 pocket
45,940,-118.48946655938765,S3,2,Gln132 pocket
45,941,-112.63934137223694,S3,2,Gln132 pocket
45,942,-110.38527121044115,S3,1,loose / exposed
45,943,-132.6867530797521,S3,2,Gln132 pocket
45,944,-128.7875088275861,S3,2,Gln132 pocket
45,945,-120.82269636100051,S3,2,Gln132 pocket
45,946,-129.18708506689435,S3,2,Gln132 pocket
45,947,-141.59060474999802,S3,2,Gln132 pocket
45,948,-119.64338366591015,S3,2,Gln132 pocket
45,949,-127.16685130785208,S3,2,Gln132 pocket
45,950,-115.5080338314797,S3,2,Gln132 pocket
45,951,-140.369663884933,S3,2,Gln132 pocket
45,952,-131.46512282323766,S3,2,Gln132 pocket
45,953,-140.6963015828592,S3,2,Gln132 pocket
45,954,-138.89728420897563,S3,2,Gln132 pocket
45,955,-122.83235286912848,S3,2,Gln132 pocket
45,956,-130.0975081700635,S3,2,Gln132 pocket
45,957,-145.40465519133303,S3,2,Gln132 pocket
45,958,-113.26092878296117,S3,2,Gln132 pocket
45,959,-134.81186943767398,S3,2,Gln132 pocket
45,960,-112.95255325511319,S3,2,Gln132 pocket
45,961,-139.89927152354568,S3,2,Gln132 pocket
45,962,-126.83851174403745,S3,2,Gln132 pocket
45,963,-115.32580365503665,S3,2,Gln132 pocket
45,964,-108.19913248949129,S3,2,Gln132 pocket
45,965,-128.764300940592,S3,2,Gln132 pocket
45,966,-131.2656998719218,S3,2,Gln132 pocket
45,967,-139.08464508295353,S3,2,Gln132 pocket
45,968,-127.29070725243774,S3,2,Gln132 pocket
45,969,-132.61417930745017,S3,2,Gln132 pocket
45,970,-140.806653559807,S3,2,Gln132 pocket
45,971,-139.33999840574683,S3,2,Gln132 pocket
45,972,-129.07694459387807,S3,2,Gln132 pocket
45,973,-115.1798237056086,S3,2,Gln132 pocket
45,974,-115.98024862854277,S3,2,Gln132 pocket
45,975,-126.09949045376156,S3,2,Gln132 pocket
45,976,-126.75726844942923,S3,2,Gln132 pocket
45,977,-119.94926147239255,S3,2,Gln132 pocket
45,978,-116.98630067059825,S3,2,Gln132 pocket
45,979,-112.55244242473557,S3,2,Gln132 pocket
45,980,-130.28749441410164,S3,2,Gln132 pocket
45,981,-130.45649736422172,S3,2,Gln132 pocket
45,982,-121.23583334897214,S3,2,Gln132 pocket
45,983,-134.67943288048033,S3,2,Gln132 pocket
45,984,-133.8488058864588,S3,2,Gln132 pocket
45,985,-137.126157539049,S3,1,loose / exposed
45,986,-110.4466141077459,S3,2,Gln132 pocket
45,987,-131.76901191008446,S3,2,Gln132 pocket
45,988,-130.83560012280853,S3,2,Gln132 pocket
45,989,-124.65584790693501,S3,2,Gln132 pocket
45,990,-134.604368249305,S3,2,Gln132 pocket
45,991,-137.37812211571705,S3,2,Gln132 pocket
45,992,-115.21470457284742,S3,2,Gln132 pocket
45,993,-127.55278463422354,S3,2,Gln132 pocket
45,994,-127.58651619677129,S3,2,Gln132 pocket
45,995,-126.42537992728558,S3,2,Gln132 pocket
45,996,-140.77582571880558,S3,2,Gln132 pocket
45,997,-124.95834201577283,S3,2,Gln132 pocket
45,998,-139.32243303637702,S3,2,Gln132 pocket
45,999,-139.79950905051655,S3,2,Gln132 pocket
45,1000,-126.16579610518876,S3,2,Gln132 pocket
50,0,80.82010538325784,S1,2,Gln132 pocket
50,1,60.692433942196686,S1,1,loose / exposed
50,2,80.24622100144443,S1,2,Gln132 pocket
50,3,87.8968707905782,S1,2,Gln132 pocket
50,4,75.7979015786837,S1,2,Gln132 pocket
50,5,62.304579195128234,S1,2,Gln132 pocket
50,6,48.791455395149434,other,2,Gln132 pocket
50,7,43.495880700086154,other,2,Gln132 pocket
50,8,65.4841724891036,S1,2,Gln132 pocket
50,9,33.137807821922635,other,2,Gln132 pocket
50,10,63.0740082036885,S1,1,loose / exposed
50,11,51.48973101472744,S1,2,Gln132 pocket
50,12,71.04044519067602,S1,2,Gln132 pocket
50,13,100.64939067880226,S1,2,Gln132 pocket
50,14,94.22724622385392,S1,2,Gln132 pocket
50,15,94.00749576953946,S1,2,Gln132 pocket
50,16,6.919447728748784,other,1,loose / exposed
50,17,75.66410507998218,S1,2,Gln132 pocket
50,18,103.670096185468,S1,2,Gln132 pocket
50,19,52.77965342894651,S1,2,Gln132 pocket
50,20,62.439154190786304,S1,2,Gln132 pocket
50,21,109.89082283742187,S1,2,Gln132 pocket
50,22,55.29491614675084,S1,2,Gln132 pocket
50,23,62.27772447935524,S1,2,Gln132 pocket
50,24,78.67765484411393,S1,2,Gln132 pocket
50,25,36.949904305274416,other,2,Gln132 pocket
50,26,55.89124161666018,S1,2,Gln132 pocket
50,27,58.147809784667324,S1,2,Gln132 pocket
50,28,49.20388341096535,other,2,Gln132 pocket
50,29,86.09749898922851,S1,2,Gln132 pocket
50,30,71.27946025951867,S1,2,Gln132 pocket
50,31,75.90528097972496,S1,2,Gln132 pocket
50,32,50.38467722612982,S1,2,Gln132 pocket
50,33,28.673740028502678,other,2,Gln132 pocket
50,34,36.56708130004909,other,1,loose / exposed
50,35,26.35714934991044,other,2,Gln132 pocket
50,36,67.77416365700806,S1,2,Gln132 pocket
50,37,44.70319776447433,other,2,Gln132 pocket
50,38,28.85225448519095,other,2,Gln132 pocket
50,39,32.21593430558229,other,2,Gln132 pocket
50,40,28.53430396997242,other,2,Gln132 pocket
50,41,53.87108752594813,S1,2,Gln132 pocket
50,42,62.10810486156,S1,1,loose / exposed
50,43,42.5671930618287,other,2,Gln132 pocket
50,44,-112.0453544193219,S3,2,Gln132 pocket
50,45,-135.33897211348065,S3,2,Gln132 pocket
50,46,-120.47007523158211,S3,2,Gln132 pocket
50,47,84.18655005851785,S1,2,Gln132 pocket
50,48,79.19921828252964,S1,2,Gln132 pocket
50,49,90.26340157041068,S1,2,Gln132 pocket
50,50,103.08349561929809,S1,2,Gln132 pocket
50,51,78.14532303186658,S1,2,Gln132 pocket
50,52,82.99565993306011,S1,2,Gln132 pocket
50,53,69.41401424866783,S1,2,Gln132 pocket
50,54,16.636117599917192,other,2,Gln132 pocket
50,55,97.84974768624599,S1,2,Gln132 pocket
50,56,95.97077502231338,S1,2,Gln132 pocket
50,57,101.12213060262675,S1,2,Gln132 pocket
50,58,41.444558114931425,other,2,Gln132 pocket
50,59,26.889975043763805,other,2,Gln132 pocket
50,60,45.43852061106317,other,2,Gln132 pocket
50,61,-70.77775310726364,S2,2,Gln132 pocket
50,62,-120.44096918243504,S3,2,Gln132 pocket
50,63,-102.03192511337501,S3,2,Gln132 pocket
50,64,-121.08706177460576,S3,2,Gln132 pocket
50,65,-112.71884105594741,S3,2,Gln132 pocket
50,66,-87.20871470817484,S2,1,loose / exposed
50,67,-65.12060149657927,S2,1,loose / exposed
50,68,83.67079554624819,S1,1,loose / exposed
50,69,79.36145920763153,S1,1,loose / exposed
50,70,165.25303114840744,other,1,loose / exposed
50,71,132.64539022358068,S1,1,loose / exposed
50,72,175.64907836303212,other,1,loose / exposed
50,73,120.67461414746637,S1,1,loose / exposed
50,74,-122.72471335298573,S3,2,Gln132 pocket
50,75,-122.65145478154287,S3,1,loose / exposed
50,76,-84.0922431714363,S2,1,loose / exposed
50,77,-110.86714988448638,S3,2,Gln132 pocket
50,78,-120.59060362541608,S3,2,Gln132 pocket
50,79,-97.76522387499081,S3,2,Gln132 pocket
50,80,-108.1700074719101,S3,2,Gln132 pocket
50,81,-128.39557702790586,S3,2,Gln132 pocket
50,82,-85.88363280217833,S2,1,loose / exposed
50,83,-82.82600870860631,S2,1,loose / exposed
50,84,-127.10289421542193,S3,2,Gln132 pocket
50,85,-115.4924649078606,S3,1,loose / exposed
50,86,-117.3448353039816,S3,1,loose / exposed
50,87,102.7224268799142,S1,1,loose / exposed
50,88,122.59103160660321,S1,1,loose / exposed
50,89,107.05404949836971,S1,1,loose / exposed
50,90,107.39677360325057,S1,1,loose / exposed
50,91,98.92764424295993,S1,1,loose / exposed
50,92,129.84683174908866,S1,1,loose / exposed
50,93,102.62968115372365,S1,1,loose / exposed
50,94,151.89163192980146,other,1,loose / exposed
50,95,171.06533595865636,other,1,loose / exposed
50,96,118.88248895705173,S1,1,loose / exposed
50,97,142.22242932326444,S1,1,loose / exposed
50,98,-136.8629498986098,S3,1,loose / exposed
50,99,130.7062930504869,S1,1,loose / exposed
50,100,98.4254581902448,S1,1,loose / exposed
50,101,123.34738294639362,S1,1,loose / exposed
50,102,-107.29764554482465,S3,1,loose / exposed
50,103,-114.18109538646223,S3,1,loose / exposed
50,104,-101.19230997594826,S3,1,loose / exposed
50,105,103.47714383584683,S1,1,loose / exposed
50,106,107.46913943362298,S1,1,loose / exposed
50,107,-145.6744339410535,S3,1,loose / exposed
50,108,-103.2453259941776,S3,1,loose / exposed
50,109,-102.74768428450729,S3,1,loose / exposed
50,110,-132.1399800732384,S3,1,loose / exposed
50,111,-100.36961823692705,S3,1,loose / exposed
50,112,-112.10354506050493,S3,1,loose / exposed
50,113,-95.53925312574918,S3,1,loose / exposed
50,114,-107.69019964132545,S3,1,loose / exposed
50,115,-113.59058734784033,S3,1,loose / exposed
50,116,-84.28917967517401,S2,1,loose / exposed
50,117,-104.15999745245215,S3,1,loose / exposed
50,118,-100.46356235027257,S3,1,loose / exposed
50,119,-108.85410368558459,S3,1,loose / exposed
50,120,-108.85269071529937,S3,1,loose / exposed
50,121,-128.1361024949798,S3,1,loose / exposed
50,122,-91.95889936828351,S3,1,loose / exposed
50,123,-113.50261052562523,S3,1,loose / exposed
50,124,-111.75178559739673,S3,1,loose / exposed
50,125,-104.37659923020632,S3,1,loose / exposed
50,126,-108.39689809976495,S3,1,loose / exposed
50,127,-106.58123053714009,S3,1,loose / exposed
50,128,-125.27413603475829,S3,1,loose / exposed
50,129,-108.40336242179923,S3,1,loose / exposed
50,130,-115.33484320415185,S3,1,loose / exposed
50,131,-85.60473788959521,S2,1,loose / exposed
50,132,-99.97142599031964,S3,1,loose / exposed
50,133,-120.49510286363612,S3,1,loose / exposed
50,134,-98.923792770698,S3,1,loose / exposed
50,135,-103.03207400969478,S3,1,loose / exposed
50,136,-110.53696109023738,S3,1,loose / exposed
50,137,-86.45502327832264,S2,1,loose / exposed
50,138,-117.2843123816505,S3,2,Gln132 pocket
50,139,-102.9966078142234,S3,1,loose / exposed
50,140,-111.45705623540711,S3,1,loose / exposed
50,141,-110.55956124272394,S3,1,loose / exposed
50,142,-73.35222096753103,S2,1,loose / exposed
50,143,-99.59953212966023,S3,1,loose / exposed
50,144,-125.24214873183428,S3,1,loose / exposed
50,145,-94.10824322224835,S3,1,loose / exposed
50,146,-102.9760777972015,S3,1,loose / exposed
50,147,-86.54691975065212,S2,1,loose / exposed
50,148,-95.07461322810622,S3,1,loose / exposed
50,149,-99.03900792519536,S3,1,loose / exposed
50,150,-111.33233670401742,S3,1,loose / exposed
50,151,-109.83922085491685,S3,1,loose / exposed
50,152,-105.45524531178013,S3,1,loose / exposed
50,153,-109.6486705754953,S3,1,loose / exposed
50,154,-86.00575025839403,S2,1,loose / exposed
50,155,-103.56744401199721,S3,1,loose / exposed
50,156,-104.73711761106354,S3,1,loose / exposed
50,157,-129.34295030350944,S3,1,loose / exposed
50,158,-115.79332794254638,S3,1,loose / exposed
50,159,-116.55335127874422,S3,1,loose / exposed
50,160,-115.93630696025922,S3,1,loose / exposed
50,161,-88.05806079190327,S2,1,loose / exposed
50,162,-120.14849110714138,S3,1,loose / exposed
50,163,-96.40786363076208,S3,1,loose / exposed
50,164,124.27741017418897,S1,1,loose / exposed
50,165,117.86789346955888,S1,1,loose / exposed
50,166,137.43605872181243,S1,1,loose / exposed
50,167,97.66221450992406,S1,1,loose / exposed
50,168,107.89167493539645,S1,1,loose / exposed
50,169,114.61225549181067,S1,1,loose / exposed
50,170,135.28616150667128,S1,1,loose / exposed
50,171,112.50538272404187,S1,1,loose / exposed
50,172,-118.67804180374004,S3,1,loose / exposed
50,173,-131.13758758453093,S3,1,loose / exposed
50,174,-98.20292105680413,S3,1,loose / exposed
50,175,-99.39846067682878,S3,1,loose / exposed
50,176,-96.11598307883,S3,1,loose / exposed
50,177,-126.61304273570946,S3,1,loose / exposed
50,178,-75.30842731899257,S2,1,loose / exposed
50,179,-93.1315655380271,S3,1,loose / exposed
50,180,-126.98645979203647,S3,1,loose / exposed
50,181,-132.47005729100184,S3,1,loose / exposed
50,182,-126.47099290693413,S3,1,loose / exposed
50,183,-109.64417973737069,S3,1,loose / exposed
50,184,-95.38634485667887,S3,1,loose / exposed
50,185,-109.26391020691578,S3,1,loose / exposed
50,186,-84.50016956143365,S2,1,loose / exposed
50,187,-130.311542635516,S3,1,loose / exposed
50,188,-103.30720973778588,S3,1,loose / exposed
50,189,-137.5667758852948,S3,1,loose / exposed
50,190,-99.49408299133545,S3,1,loose / exposed
50,191,-94.50796839188264,S3,1,loose / exposed
50,192,-115.36300380762951,S3,1,loose / exposed
50,193,-112.32846337115203,S3,1,loose / exposed
50,194,-123.57330200145347,S3,1,loose / exposed
50,195,-94.49998643940079,S3,1,loose / exposed
50,196,-86.94635271383035,S2,1,loose / exposed
50,197,-119.79907925820105,S3,1,loose / exposed
50,198,-134.07622835260455,S3,2,Gln132 pocket
50,199,-106.10335461268453,S3,1,loose / exposed
50,200,-74.65535247595284,S2,1,loose / exposed
50,201,-95.5201589141214,S3,1,loose / exposed
50,202,-122.91386572663774,S3,1,loose / exposed
50,203,-96.46841099825929,S3,1,loose / exposed
50,204,-108.58183622785413,S3,1,loose / exposed
50,205,-75.23324660366134,S2,1,loose / exposed
50,206,-97.07477328767762,S3,1,loose / exposed
50,207,-104.37301402353168,S3,1,loose / exposed
50,208,-111.01027096124454,S3,1,loose / exposed
50,209,-114.34969764899292,S3,1,loose / exposed
50,210,-108.95311537294658,S3,1,loose / exposed
50,211,-137.73934847108535,S3,1,loose / exposed
50,212,-124.06771267439426,S3,1,loose / exposed
50,213,-97.20905976993625,S3,1,loose / exposed
50,214,-80.6683510888382,S2,1,loose / exposed
50,215,-93.69360575397147,S3,1,loose / exposed
50,216,-109.28045304287545,S3,1,loose / exposed
50,217,-115.2666146575155,S3,1,loose / exposed
50,218,-110.78152669063516,S3,1,loose / exposed
50,219,-79.85464235982145,S2,1,loose / exposed
50,220,-125.51495643048013,S3,1,loose / exposed
50,221,-118.53302364168003,S3,1,loose / exposed
50,222,-98.4864901570877,S3,1,loose / exposed
50,223,-98.17408853064401,S3,1,loose / exposed
50,224,-105.05444369447402,S3,1,loose / exposed
50,225,-145.85433487086857,S3,2,Gln132 pocket
50,226,-101.32089223672362,S3,1,loose / exposed
50,227,-106.60302514017697,S3,2,Gln132 pocket
50,228,-150.6284887753286,S3,1,loose / exposed
50,229,-143.15446854256916,S3,2,Gln132 pocket
50,230,-106.7595653396776,S3,1,loose / exposed
50,231,-114.72421561302801,S3,1,loose / exposed
50,232,-119.66105359487062,S3,1,loose / exposed
50,233,-115.13624107416031,S3,1,loose / exposed
50,234,-103.53847713971935,S3,2,Gln132 pocket
50,235,-96.68498903000288,S3,1,loose / exposed
50,236,-108.86788465151747,S3,1,loose / exposed
50,237,-100.97684711892903,S3,1,loose / exposed
50,238,-92.84019313836563,S3,1,loose / exposed
50,239,-99.08051248209485,S3,1,loose / exposed
50,240,-106.32483408167792,S3,1,loose / exposed
50,241,-95.18439850505987,S3,1,loose / exposed
50,242,-103.58950716393812,S3,1,loose / exposed
50,243,-108.45066077394132,S3,1,loose / exposed
50,244,-106.15645501585959,S3,2,Gln132 pocket
50,245,-97.87862293114628,S3,1,loose / exposed
50,246,-115.50593196921089,S3,1,loose / exposed
50,247,-95.17979107971996,S3,1,loose / exposed
50,248,-92.08491343012136,S3,1,loose / exposed
50,249,-115.81141620795627,S3,2,Gln132 pocket
50,250,-100.5742138103434,S3,1,loose / exposed
50,251,-96.48433034611173,S3,1,loose / exposed
50,252,-97.93771730280281,S3,1,loose / exposed
50,253,-112.40320595437514,S3,1,loose / exposed
50,254,-103.5967116902641,S3,1,loose / exposed
50,255,-109.24734714155568,S3,1,loose / exposed
50,256,-101.10821978212137,S3,1,loose / exposed
50,257,-111.20467103375807,S3,1,loose / exposed
50,258,-122.15818953059124,S3,1,loose / exposed
50,259,-111.81745155549483,S3,1,loose / exposed
50,260,-109.86477572899612,S3,1,loose / exposed
50,261,-111.83685607173078,S3,1,loose / exposed
50,262,-118.3300831977438,S3,1,loose / exposed
50,263,-110.70784272701026,S3,1,loose / exposed
50,264,-116.43264564232399,S3,1,loose / exposed
50,265,-115.99717142759268,S3,1,loose / exposed
50,266,-128.00555344780736,S3,1,loose / exposed
50,267,-112.6055718612766,S3,2,Gln132 pocket
50,268,-107.72988939833324,S3,1,loose / exposed
50,269,-114.4411748891953,S3,1,loose / exposed
50,270,-119.1103954221809,S3,1,loose / exposed
50,271,-102.15025832428118,S3,1,loose / exposed
50,272,-99.8451512854681,S3,1,loose / exposed
50,273,-106.66037124657966,S3,1,loose / exposed
50,274,-118.18066633229536,S3,1,loose / exposed
50,275,-124.12296375902277,S3,1,loose / exposed
50,276,-94.3436338452496,S3,1,loose / exposed
50,277,-98.91103850580018,S3,1,loose / exposed
50,278,-108.75534454770134,S3,1,loose / exposed
50,279,-116.83860046591215,S3,2,Gln132 pocket
50,280,-108.6452579667974,S3,1,loose / exposed
50,281,-117.11807189114873,S3,1,loose / exposed
50,282,-88.29565671952037,S2,1,loose / exposed
50,283,-129.37171164103898,S3,1,loose / exposed
50,284,-113.57282982559575,S3,1,loose / exposed
50,285,-111.71910198002202,S3,1,loose / exposed
50,286,-107.86858688288018,S3,1,loose / exposed
50,287,-99.82869799708429,S3,1,loose / exposed
50,288,-97.01383483298565,S3,1,loose / exposed
50,289,-104.78865832614069,S3,1,loose / exposed
50,290,-89.79308283389061,S2,1,loose / exposed
50,291,-95.98676305555736,S3,1,loose / exposed
50,292,-109.56509036112482,S3,1,loose / exposed
50,293,-126.58453196948498,S3,1,loose / exposed
50,294,-115.22521677670183,S3,1,loose / exposed
50,295,-126.98722192768416,S3,1,loose / exposed
50,296,-105.29744231367451,S3,1,loose / exposed
50,297,-119.96832553217709,S3,1,loose / exposed
50,298,-110.49443916132323,S3,1,loose / exposed
50,299,-104.79998315604637,S3,1,loose / exposed
50,300,-107.97390389307712,S3,1,loose / exposed
50,301,-117.12404626167096,S3,1,loose / exposed
50,302,-114.35327080406636,S3,1,loose / exposed
50,303,-102.5543239214445,S3,1,loose / exposed
50,304,-129.56963468628607,S3,1,loose / exposed
50,305,-120.43835572937317,S3,1,loose / exposed
50,306,-124.46844758515307,S3,1,loose / exposed
50,307,-101.73648561297186,S3,1,loose / exposed
50,308,-107.42220954856674,S3,2,Gln132 pocket
50,309,-111.55530511604516,S3,2,Gln132 pocket
50,310,-111.85834475340283,S3,1,loose / exposed
50,311,-102.01909301869169,S3,1,loose / exposed
50,312,-122.26775880723642,S3,1,loose / exposed
50,313,-107.55765661294832,S3,2,Gln132 pocket
50,314,-99.0935473730097,S3,1,loose / exposed
50,315,-115.5436424862672,S3,1,loose / exposed
50,316,-119.3624378258624,S3,1,loose / exposed
50,317,-90.86861232919922,S3,1,loose / exposed
50,318,-99.61574385486314,S3,1,loose / exposed
50,319,-105.87867069718816,S3,1,loose / exposed
50,320,-117.1825800623699,S3,1,loose / exposed
50,321,-110.31859579087364,S3,1,loose / exposed
50,322,-104.76906564864517,S3,1,loose / exposed
50,323,-113.08024390243256,S3,1,loose / exposed
50,324,-122.28208227916888,S3,1,loose / exposed
50,325,-111.34624175055222,S3,1,loose / exposed
50,326,-115.56866740357509,S3,1,loose / exposed
50,327,-104.92693686420041,S3,1,loose / exposed
50,328,-116.67758663217563,S3,1,loose / exposed
50,329,-94.60016317919313,S3,1,loose / exposed
50,330,-124.2332570997333,S3,1,loose / exposed
50,331,-115.83196868521388,S3,1,loose / exposed
50,332,-132.0901872443706,S3,1,loose / exposed
50,333,-109.56973140806203,S3,1,loose / exposed
50,334,-84.4970366115058,S2,1,loose / exposed
50,335,-105.83334147762338,S3,1,loose / exposed
50,336,-110.14538971755616,S3,2,Gln132 pocket
50,337,-85.51922902201923,S2,1,loose / exposed
50,338,-106.2322395759425,S3,1,loose / exposed
50,339,-108.63262370271049,S3,1,loose / exposed
50,340,-120.62834743347574,S3,1,loose / exposed
50,341,-106.85869310358319,S3,1,loose / exposed
50,342,-118.51173916169036,S3,2,Gln132 pocket
50,343,-123.63496836913802,S3,2,Gln132 pocket
50,344,-111.52130812867145,S3,1,loose / exposed
50,345,-119.73196649688003,S3,2,Gln132 pocket
50,346,-122.95640361832572,S3,2,Gln132 pocket
50,347,-122.80114227246308,S3,1,loose / exposed
50,348,-95.15636398158583,S3,1,loose / exposed
50,349,-125.71930904099344,S3,2,Gln132 pocket
50,350,-112.82734283480171,S3,1,loose / exposed
50,351,-115.74482618218853,S3,2,Gln132 pocket
50,352,-94.89468311901601,S3,1,loose / exposed
50,353,-129.1023011564882,S3,1,loose / exposed
50,354,-94.7120231077864,S3,1,loose / exposed
50,355,-119.98558895228382,S3,1,loose / exposed
50,356,-115.42020004942681,S3,1,loose / exposed
50,357,-106.4217077561782,S3,1,loose / exposed
50,358,-115.43763225909971,S3,2,Gln132 pocket
50,359,-97.78145985049373,S3,1,loose / exposed
50,360,-149.06804039799127,S3,2,Gln132 pocket
50,361,-128.9225015206583,S3,2,Gln132 pocket
50,362,-136.38997991726777,S3,2,Gln132 pocket
50,363,-102.60364001236451,S3,2,Gln132 pocket
50,364,-110.06282413627136,S3,1,loose / exposed
50,365,-132.21972849285083,S3,1,loose / exposed
50,366,-123.49000039628525,S3,2,Gln132 pocket
50,367,-98.62552879005288,S3,2,Gln132 pocket
50,368,-112.72874875184051,S3,1,loose / exposed
50,369,-92.12655717598011,S3,1,loose / exposed
50,370,-100.89628166289536,S3,1,loose / exposed
50,371,-108.65776834827632,S3,1,loose / exposed
50,372,-104.02341640003516,S3,1,loose / exposed
50,373,-91.95410348083652,S3,1,loose / exposed
50,374,-117.86526199644027,S3,1,loose / exposed
50,375,-103.56573215093673,S3,1,loose / exposed
50,376,107.90599914662677,S1,1,loose / exposed
50,377,107.82720229340102,S1,1,loose / exposed
50,378,118.91262457786094,S1,1,loose / exposed
50,379,81.05695786879917,S1,1,loose / exposed
50,380,116.69702892009428,S1,1,loose / exposed
50,381,120.89720928703551,S1,1,loose / exposed
50,382,117.86982222527905,S1,1,loose / exposed
50,383,124.69959893962321,S1,1,loose / exposed
50,384,113.38633599179086,S1,1,loose / exposed
50,385,134.57528100608414,S1,1,loose / exposed
50,386,85.405402736638,S1,1,loose / exposed
50,387,114.45511412944465,S1,1,loose / exposed
50,388,101.75773526182576,S1,1,loose / exposed
50,389,97.12169056120344,S1,1,loose / exposed
50,390,109.12786121847373,S1,1,loose / exposed
50,391,105.66539555104545,S1,1,loose / exposed
50,392,95.43450995127554,S1,1,loose / exposed
50,393,126.35540170511092,S1,1,loose / exposed
50,394,122.1061271102512,S1,1,loose / exposed
50,395,131.77471960242724,S1,1,loose / exposed
50,396,120.93400149210588,S1,1,loose / exposed
50,397,94.97828575759353,S1,1,loose / exposed
50,398,103.46441724879745,S1,1,loose / exposed
50,399,100.74286720337528,S1,1,loose / exposed
50,400,111.48761366054686,S1,1,loose / exposed
50,401,94.22859858629498,S1,1,loose / exposed
50,402,97.97460288011844,S1,1,loose / exposed
50,403,129.572395066551,S1,1,loose / exposed
50,404,120.42982619368404,S1,2,Gln132 pocket
50,405,102.0790697774161,S1,1,loose / exposed
50,406,108.16984008645838,S1,1,loose / exposed
50,407,114.18349411322517,S1,1,loose / exposed
50,408,83.42007881406236,S1,1,loose / exposed
50,409,82.93223551509158,S1,1,loose / exposed
50,410,104.56802603223059,S1,1,loose / exposed
50,411,90.16911538969933,S1,1,loose / exposed
50,412,106.2900476268213,S1,1,loose / exposed
50,413,87.1208325574684,S1,1,loose / exposed
50,414,107.21268569250729,S1,1,loose / exposed
50,415,104.05220594021431,S1,1,loose / exposed
50,416,105.93427068468405,S1,2,Gln132 pocket
50,417,115.91791815145208,S1,1,loose / exposed
50,418,103.42658767555638,S1,1,loose / exposed
50,419,114.78156343235852,S1,1,loose / exposed
50,420,85.78703658953883,S1,1,loose / exposed
50,421,51.83802112581044,S1,1,loose / exposed
50,422,113.9979456958485,S1,1,loose / exposed
50,423,85.70719349437707,S1,1,loose / exposed
50,424,118.12215116232497,S1,1,loose / exposed
50,425,75.9311393787244,S1,2,Gln132 pocket
50,426,89.9342457281849,S1,2,Gln132 pocket
50,427,102.76946101655773,S1,1,loose / exposed
50,428,95.56901418971803,S1,1,loose / exposed
50,429,89.76905180936429,S1,1,loose / exposed
50,430,105.59588572960321,S1,1,loose / exposed
50,431,107.9320763627874,S1,1,loose / exposed
50,432,94.57541994722959,S1,1,loose / exposed
50,433,92.60782060288564,S1,1,loose / exposed
50,434,88.93862335568917,S1,1,loose / exposed
50,435,85.52868607762294,S1,1,loose / exposed
50,436,82.34188877688365,S1,1,loose / exposed
50,437,87.27097199075934,S1,1,loose / exposed
50,438,93.44326014579212,S1,1,loose / exposed
50,439,94.7025832305679,S1,1,loose / exposed
50,440,77.52172026038143,S1,1,loose / exposed
50,441,90.78459348757116,S1,1,loose / exposed
50,442,90.20998018559696,S1,1,loose / exposed
50,443,80.28259123052027,S1,1,loose / exposed
50,444,86.1991892891922,S1,1,loose / exposed
50,445,99.75202115171089,S1,1,loose / exposed
50,446,88.36574816235432,S1,1,loose / exposed
50,447,88.04930470906356,S1,1,loose / exposed
50,448,69.81001922352554,S1,1,loose / exposed
50,449,68.49455021117143,S1,1,loose / exposed
50,450,85.80091089283049,S1,1,loose / exposed
50,451,68.08139143492038,S1,1,loose / exposed
50,452,88.48550593565571,S1,1,loose / exposed
50,453,89.47244724466377,S1,1,loose / exposed
50,454,108.23043675755015,S1,1,loose / exposed
50,455,82.56282833473274,S1,1,loose / exposed
50,456,70.98139662253348,S1,1,loose / exposed
50,457,86.34379480325269,S1,1,loose / exposed
50,458,89.09927879694985,S1,1,loose / exposed
50,459,77.59936997640898,S1,1,loose / exposed
50,460,103.94178139215536,S1,1,loose / exposed
50,461,83.95931856390955,S1,1,loose / exposed
50,462,77.6879942292775,S1,1,loose / exposed
50,463,78.39673036309392,S1,1,loose / exposed
50,464,82.9833848767376,S1,1,loose / exposed
50,465,67.9390017249757,S1,1,loose / exposed
50,466,83.85374912619459,S1,1,loose / exposed
50,467,82.64165849635869,S1,1,loose / exposed
50,468,63.338652339812874,S1,1,loose / exposed
50,469,79.29291257671471,S1,1,loose / exposed
50,470,105.00642529771602,S1,1,loose / exposed
50,471,96.69265424832243,S1,1,loose / exposed
50,472,69.49459461766213,S1,1,loose / exposed
50,473,87.38470659782568,S1,1,loose / exposed
50,474,85.51118918147219,S1,1,loose / exposed
50,475,81.65210290517099,S1,1,loose / exposed
50,476,65.92442040893083,S1,1,loose / exposed
50,477,78.16684412325785,S1,1,loose / exposed
50,478,86.60365477213713,S1,1,loose / exposed
50,479,85.91532552552006,S1,1,loose / exposed
50,480,98.64850088528483,S1,1,loose / exposed
50,481,74.48527143955755,S1,1,loose / exposed
50,482,79.9173972349836,S1,1,loose / exposed
50,483,79.40199940637717,S1,1,loose / exposed
50,484,81.91324647111429,S1,1,loose / exposed
50,485,93.7933484670957,S1,1,loose / exposed
50,486,94.59347502798576,S1,1,loose / exposed
50,487,69.24385406769171,S1,1,loose / exposed
50,488,79.18827017455436,S1,1,loose / exposed
50,489,93.08750027810233,S1,1,loose / exposed
50,490,77.96587373008464,S1,1,loose / exposed
50,491,81.97043685164593,S1,1,loose / exposed
50,492,66.86640643470605,S1,1,loose / exposed
50,493,72.47131456866754,S1,1,loose / exposed
50,494,96.29371760209038,S1,1,loose / exposed
50,495,87.8327898610782,S1,1,loose / exposed
50,496,65.75895243646683,S1,1,loose / exposed
50,497,67.84231541330499,S1,1,loose / exposed
50,498,113.93808879753757,S1,1,loose / exposed
50,499,93.14406082386299,S1,1,loose / exposed
50,500,88.60917650400796,S1,1,loose / exposed
50,501,97.24897942808447,S1,1,loose / exposed
50,502,85.9812249777519,S1,1,loose / exposed
50,503,80.07195772809199,S1,1,loose / exposed
50,504,92.07585027107866,S1,1,loose / exposed
50,505,96.94205131887215,S1,1,loose / exposed
50,506,89.41491550158742,S1,1,loose / exposed
50,507,75.47621038046414,S1,1,loose / exposed
50,508,84.47118046388772,S1,1,loose / exposed
50,509,100.80643991830938,S1,1,loose / exposed
50,510,92.99878625179527,S1,1,loose / exposed
50,511,83.70760238752733,S1,1,loose / exposed
50,512,75.7697522045948,S1,1,loose / exposed
50,513,86.90193683000282,S1,1,loose / exposed
50,514,96.88211823639044,S1,1,loose / exposed
50,515,96.35849843059866,S1,1,loose / exposed
50,516,90.24758193030523,S1,1,loose / exposed
50,517,98.40779493216986,S1,1,loose / exposed
50,518,85.77768580659169,S1,1,loose / exposed
50,519,88.86993916936643,S1,1,loose / exposed
50,520,88.25338476100741,S1,1,loose / exposed
50,521,95.41239294673748,S1,1,loose / exposed
50,522,95.86100148777524,S1,1,loose / exposed
50,523,98.44797256583344,S1,1,loose / exposed
50,524,79.22101241277038,S1,1,loose / exposed
50,525,97.69237684594513,S1,1,loose / exposed
50,526,82.3124089885023,S1,1,loose / exposed
50,527,95.79454462282814,S1,1,loose / exposed
50,528,93.16830232157491,S1,1,loose / exposed
50,529,96.1870940881238,S1,1,loose / exposed
50,530,101.70802369172435,S1,1,loose / exposed
50,531,101.65457045733474,S1,1,loose / exposed
50,532,82.4098603416483,S1,1,loose / exposed
50,533,80.96911165146712,S1,1,loose / exposed
50,534,98.39376068702636,S1,1,loose / exposed
50,535,77.6613517040978,S1,1,loose / exposed
50,536,87.42110881178574,S1,1,loose / exposed
50,537,98.3724727218147,S1,1,loose / exposed
50,538,82.9603744199232,S1,1,loose / exposed
50,539,90.7238259385182,S1,1,loose / exposed
50,540,90.49953611121278,S1,1,loose / exposed
50,541,82.50201243828242,S1,1,loose / exposed
50,542,78.67555142761954,S1,1,loose / exposed
50,543,93.45637508200052,S1,1,loose / exposed
50,544,87.648659605517,S1,1,loose / exposed
50,545,91.83380870829404,S1,1,loose / exposed
50,546,86.28665502847639,S1,1,loose / exposed
50,547,77.5048316068603,S1,1,loose / exposed
50,548,83.36732295316304,S1,1,loose / exposed
50,549,94.83568256770702,S1,1,loose / exposed
50,550,87.54776400365547,S1,1,loose / exposed
50,551,78.876473727641,S1,1,loose / exposed
50,552,79.25698234659501,S1,1,loose / exposed
50,553,92.74038895734147,S1,1,loose / exposed
50,554,85.26388484956611,S1,1,loose / exposed
50,555,97.51042444801264,S1,1,loose / exposed
50,556,95.06372559641221,S1,1,loose / exposed
50,557,73.97232393708784,S1,1,loose / exposed
50,558,98.05242737519562,S1,1,loose / exposed
50,559,88.49101074832711,S1,1,loose / exposed
50,560,87.34073308262761,S1,1,loose / exposed
50,561,90.90690134352023,S1,1,loose / exposed
50,562,84.37037119996653,S1,1,loose / exposed
50,563,87.52945704133785,S1,1,loose / exposed
50,564,83.0771688275731,S1,1,loose / exposed
50,565,106.71552025010593,S1,1,loose / exposed
50,566,84.78768280239838,S1,1,loose / exposed
50,567,84.59009932066337,S1,1,loose / exposed
50,568,89.92263803123815,S1,1,loose / exposed
50,569,103.79455087115466,S1,1,loose / exposed
50,570,89.47275574325565,S1,1,loose / exposed
50,571,96.5730755663811,S1,1,loose / exposed
50,572,100.18326276225893,S1,1,loose / exposed
50,573,124.04404060832844,S1,1,loose / exposed
50,574,106.70315924271685,S1,1,loose / exposed
50,575,123.91112841000195,S1,1,loose / exposed
50,576,109.60307960753985,S1,1,loose / exposed
50,577,98.56460305992118,S1,1,loose / exposed
50,578,101.00576331472743,S1,1,loose / exposed
50,579,110.88990782954933,S1,1,loose / exposed
50,580,115.34223024115697,S1,1,loose / exposed
50,581,104.85840849386048,S1,1,loose / exposed
50,582,109.33724128818949,S1,1,loose / exposed
50,583,120.21425359730296,S1,1,loose / exposed
50,584,98.0575336619451,S1,1,loose / exposed
50,585,102.20742492645905,S1,1,loose / exposed
50,586,110.96601962013413,S1,3,Lys face
50,587,-107.71949826463312,S3,1,loose / exposed
50,588,-82.42333471763278,S2,1,loose / exposed
50,589,-97.16891681630676,S3,3,Lys face
50,590,-93.58068627065661,S3,1,loose / exposed
50,591,-108.48879234710378,S3,3,Lys face
50,592,-105.83374358149187,S3,1,loose / exposed
50,593,-112.465506679227,S3,1,loose / exposed
50,594,-98.35817195145059,S3,3,Lys face
50,595,-98.71747951075223,S3,3,Lys face
50,596,-96.82570735700969,S3,3,Lys face
50,597,-98.50323477364103,S3,3,Lys face
50,598,-91.19965900864386,S3,1,loose / exposed
50,599,-108.38989615546305,S3,3,Lys face
50,600,-105.90358372050366,S3,1,loose / exposed
50,601,-98.50241968045344,S3,3,Lys face
50,602,-105.19588761943665,S3,1,loose / exposed
50,603,-101.67433182075361,S3,1,loose / exposed
50,604,-105.28927877545613,S3,1,loose / exposed
50,605,-102.58888530043227,S3,1,loose / exposed
50,606,-100.84789105554552,S3,1,loose / exposed
50,607,-109.0615052484751,S3,1,loose / exposed
50,608,-103.67439806527452,S3,1,loose / exposed
50,609,-83.45330481329097,S2,1,loose / exposed
50,610,-87.40516387078812,S2,1,loose / exposed
50,611,-67.68887074492677,S2,1,loose / exposed
50,612,-91.69737646543409,S3,1,loose / exposed
50,613,-75.26916132495222,S2,1,loose / exposed
50,614,-91.86437137069267,S3,1,loose / exposed
50,615,114.2361181431201,S1,1,loose / exposed
50,616,115.39974807809709,S1,1,loose / exposed
50,617,107.29608771384454,S1,1,loose / exposed
50,618,-76.04486115237971,S2,1,loose / exposed
50,619,-87.08319077396291,S2,1,loose / exposed
50,620,-93.24601293388396,S3,1,loose / exposed
50,621,-86.94182292728648,S2,1,loose / exposed
50,622,-65.85404144125872,S2,1,loose / exposed
50,623,-109.1790337929737,S3,1,loose / exposed
50,624,-104.46515785164216,S3,3,Lys face
50,625,-99.44952812042878,S3,1,loose / exposed
50,626,-120.844771336423,S3,1,loose / exposed
50,627,-105.82617038504381,S3,1,loose / exposed
50,628,-95.53236978443252,S3,1,loose / exposed
50,629,-104.42269096027097,S3,1,loose / exposed
50,630,-91.02490876811483,S3,3,Lys face
50,631,-99.6201170131919,S3,3,Lys face
50,632,-114.08315469856905,S3,1,loose / exposed
50,633,-109.98208457174691,S3,1,loose / exposed
50,634,-101.24407878942688,S3,1,loose / exposed
50,635,-87.55365936541412,S2,3,Lys face
50,636,-91.15407278507975,S3,1,loose / exposed
50,637,-117.22145563539911,S3,1,loose / exposed
50,638,-91.63723829759458,S3,1,loose / exposed
50,639,-112.58749782238971,S3,1,loose / exposed
50,640,-85.02082958022692,S2,1,loose / exposed
50,641,-100.18136935382614,S3,1,loose / exposed
50,642,-93.68530043147445,S3,1,loose / exposed
50,643,-95.7617965815355,S3,1,loose / exposed
50,644,-100.26025316024949,S3,1,loose / exposed
50,645,-108.98151795199587,S3,3,Lys face
50,646,-103.46575684584617,S3,1,loose / exposed
50,647,-96.92883502893604,S3,1,loose / exposed
50,648,-81.946406497218,S2,1,loose / exposed
50,649,-109.70759900040002,S3,1,loose / exposed
50,650,-74.73597247575964,S2,1,loose / exposed
50,651,-112.05935570696334,S3,3,Lys face
50,652,-118.50137849152927,S3,3,Lys face
50,653,-101.84830134716248,S3,1,loose / exposed
50,654,-112.08645454396088,S3,1,loose / exposed
50,655,-105.26937828727334,S3,1,loose / exposed
50,656,-115.16599324885445,S3,1,loose / exposed
50,657,-108.70298701213908,S3,1,loose / exposed
50,658,-43.94262170349544,S2,1,loose / exposed
50,659,-102.18856470064563,S3,1,loose / exposed
50,660,-94.89291027214186,S3,1,loose / exposed
50,661,-79.79166382620565,S2,1,loose / exposed
50,662,-76.54595298842955,S2,1,loose / exposed
50,663,-81.77687280397672,S2,1,loose / exposed
50,664,-101.3358668681067,S3,3,Lys face
50,665,-92.32527709578615,S3,1,loose / exposed
50,666,-106.50036722579843,S3,1,loose / exposed
50,667,-102.22854518404242,S3,3,Lys face
50,668,-86.90910031145336,S2,1,loose / exposed
50,669,-53.38297357521387,S2,1,loose / exposed
50,670,-93.28984098566815,S3,1,loose / exposed
50,671,-102.3602425622769,S3,3,Lys face
50,672,-88.38570759848514,S2,1,loose / exposed
50,673,-86.44688519042735,S2,1,loose / exposed
50,674,-110.26394452474047,S3,1,loose / exposed
50,675,-84.02657836446325,S2,1,loose / exposed
50,676,-96.3652363616934,S3,3,Lys face
50,677,-82.42853391273663,S2,1,loose / exposed
50,678,-100.74079974375272,S3,1,loose / exposed
50,679,-96.0049128957833,S3,1,loose / exposed
50,680,-91.82216024627641,S3,1,loose / exposed
50,681,-96.51624916913043,S3,1,loose / exposed
50,682,-80.71554305782179,S2,1,loose / exposed
50,683,-85.39672477143506,S2,1,loose / exposed
50,684,-116.2474749771246,S3,1,loose / exposed
50,685,-97.89330856999099,S3,1,loose / exposed
50,686,-92.55596642797487,S3,1,loose / exposed
50,687,-84.78772598149605,S2,3,Lys face
50,688,-80.92757353483704,S2,1,loose / exposed
50,689,-91.60576772944646,S3,1,loose / exposed
50,690,-93.41485740678249,S3,3,Lys face
50,691,-87.12417433773363,S2,1,loose / exposed
50,692,-90.13102803066936,S3,1,loose / exposed
50,693,-99.0655073335986,S3,3,Lys face
50,694,-78.38918952161595,S2,1,loose / exposed
50,695,-86.03690957584709,S2,1,loose / exposed
50,696,-97.14257372236533,S3,1,loose / exposed
50,697,-107.11421095873385,S3,3,Lys face
50,698,-99.5295233994109,S3,1,loose / exposed
50,699,-101.5610390246915,S3,1,loose / exposed
50,700,-106.6773594276407,S3,1,loose / exposed
50,701,-116.01476235185798,S3,1,loose / exposed
50,702,-106.71138245991892,S3,1,loose / exposed
50,703,-78.58637699451953,S2,1,loose / exposed
50,704,-75.06310910928924,S2,1,loose / exposed
50,705,-95.7613287637014,S3,1,loose / exposed
50,706,-84.25900110546644,S2,1,loose / exposed
50,707,-96.6310617684524,S3,1,loose / exposed
50,708,-101.61790741725412,S3,1,loose / exposed
50,709,-86.06332713190167,S2,3,Lys face
50,710,-111.47047535529768,S3,1,loose / exposed
50,711,-105.52948960416073,S3,1,loose / exposed
50,712,-76.28100686539547,S2,1,loose / exposed
50,713,-105.84934193796137,S3,1,loose / exposed
50,714,-121.5144313858946,S3,1,loose / exposed
50,715,-101.45683187936676,S3,1,loose / exposed
50,716,-115.78635315741901,S3,1,loose / exposed
50,717,-74.56737295406005,S2,1,loose / exposed
50,718,-98.90951909840713,S3,3,Lys face
50,719,-94.52497290399437,S3,1,loose / exposed
50,720,-103.5755905160342,S3,1,loose / exposed
50,721,-97.00550371418059,S3,1,loose / exposed
50,722,-71.04293476751728,S2,1,loose / exposed
50,723,-107.38239241911198,S3,1,loose / exposed
50,724,-88.47480197714901,S2,1,loose / exposed
50,725,-111.45316569033673,S3,1,loose / exposed
50,726,-84.80247261577841,S2,1,loose / exposed
50,727,-75.97345697820279,S2,1,loose / exposed
50,728,-19.75062086752421,other,1,loose / exposed
50,729,88.30862238938707,S1,1,loose / exposed
50,730,84.42926303115537,S1,1,loose / exposed
50,731,96.26420647706148,S1,1,loose / exposed
50,732,104.02950473916991,S1,1,loose / exposed
50,733,88.99230892585864,S1,1,loose / exposed
50,734,120.76699651372833,S1,1,loose / exposed
50,735,103.71704481571088,S1,1,loose / exposed
50,736,61.15735503874445,S1,1,loose / exposed
50,737,114.83987557490309,S1,1,loose / exposed
50,738,110.66452189077167,S1,1,loose / exposed
50,739,94.85439431936595,S1,1,loose / exposed
50,740,105.58337130618875,S1,1,loose / exposed
50,741,96.31761253103286,S1,1,loose / exposed
50,742,114.59576041245519,S1,1,loose / exposed
50,743,104.22617684825687,S1,1,loose / exposed
50,744,104.38487100033554,S1,1,loose / exposed
50,745,113.2253661260676,S1,1,loose / exposed
50,746,80.62096830916688,S1,1,loose / exposed
50,747,123.5052988199102,S1,1,loose / exposed
50,748,120.48530186803453,S1,1,loose / exposed
50,749,116.70789323811712,S1,1,loose / exposed
50,750,117.15964180995842,S1,1,loose / exposed
50,751,106.13964829299854,S1,1,loose / exposed
50,752,123.07521271264142,S1,1,loose / exposed
50,753,105.32981805168828,S1,1,loose / exposed
50,754,108.41187574425813,S1,1,loose / exposed
50,755,118.16937975175992,S1,1,loose / exposed
50,756,92.87313454378389,S1,1,loose / exposed
50,757,120.70177731710586,S1,1,loose / exposed
50,758,110.61723330291618,S1,1,loose / exposed
50,759,110.5102473619273,S1,1,loose / exposed
50,760,101.40939884180429,S1,1,loose / exposed
50,761,120.85364978645143,S1,1,loose / exposed
50,762,115.49945909709693,S1,1,loose / exposed
50,763,96.1286007173506,S1,1,loose / exposed
50,764,97.62371899917187,S1,1,loose / exposed
50,765,113.80644052908266,S1,1,loose / exposed
50,766,103.39800119163051,S1,1,loose / exposed
50,767,113.41801072777525,S1,1,loose / exposed
50,768,107.6877428668492,S1,1,loose / exposed
50,769,112.94508806149928,S1,1,loose / exposed
50,770,109.44096733382905,S1,1,loose / exposed
50,771,124.99627123211798,S1,1,loose / exposed
50,772,116.78734315798346,S1,1,loose / exposed
50,773,103.47980214409758,S1,1,loose / exposed
50,774,114.19422918644962,S1,1,loose / exposed
50,775,94.46415194449261,S1,1,loose / exposed
50,776,99.57025062391031,S1,1,loose / exposed
50,777,93.098962597876,S1,1,loose / exposed
50,778,104.00139143301077,S1,1,loose / exposed
50,779,97.69680137441225,S1,1,loose / exposed
50,780,91.537918941832,S1,1,loose / exposed
50,781,97.98920550336038,S1,1,loose / exposed
50,782,95.86157067196632,S1,3,Lys face
50,783,92.59520020695108,S1,1,loose / exposed
50,784,97.4081689558323,S1,1,loose / exposed
50,785,98.10303944153951,S1,1,loose / exposed
50,786,100.32781157303778,S1,1,loose / exposed
50,787,106.93052614045942,S1,1,loose / exposed
50,788,105.79421640631249,S1,1,loose / exposed
50,789,118.17507795293449,S1,1,loose / exposed
50,790,106.65097450312015,S1,1,loose / exposed
50,791,77.49998993362011,S1,1,loose / exposed
50,792,97.90154564951072,S1,1,loose / exposed
50,793,92.99141843298328,S1,1,loose / exposed
50,794,71.39469266341007,S1,1,loose / exposed
50,795,86.74661148156504,S1,1,loose / exposed
50,796,113.92513806386168,S1,1,loose / exposed
50,797,104.1105137569065,S1,1,loose / exposed
50,798,94.08641558006863,S1,1,loose / exposed
50,799,97.82348311403443,S1,1,loose / exposed
50,800,88.41778683059651,S1,1,loose / exposed
50,801,99.84997108240675,S1,1,loose / exposed
50,802,110.24789558740595,S1,1,loose / exposed
50,803,110.93117195954636,S1,1,loose / exposed
50,804,101.28158033562987,S1,1,loose / exposed
50,805,95.65016171150802,S1,1,loose / exposed
50,806,87.06542546955026,S1,1,loose / exposed
50,807,105.9423469414682,S1,1,loose / exposed
50,808,98.41944032152595,S1,1,loose / exposed
50,809,113.38350575942586,S1,1,loose / exposed
50,810,93.76619405370278,S1,1,loose / exposed
50,811,90.45387700604913,S1,1,loose / exposed
50,812,86.80716595371824,S1,1,loose / exposed
50,813,104.91112051593849,S1,1,loose / exposed
50,814,92.51203723259188,S1,1,loose / exposed
50,815,100.98138901134234,S1,1,loose / exposed
50,816,94.1413571850903,S1,1,loose / exposed
50,817,97.92525984216803,S1,1,loose / exposed
50,818,89.58201774730209,S1,1,loose / exposed
50,819,97.02097268987357,S1,1,loose / exposed
50,820,111.81982855806692,S1,1,loose / exposed
50,821,80.95159463935023,S1,1,loose / exposed
50,822,105.60077117996413,S1,1,loose / exposed
50,823,109.70074807069989,S1,1,loose / exposed
50,824,90.9025510535291,S1,1,loose / exposed
50,825,87.6834947209014,S1,1,loose / exposed
50,826,102.86113883058802,S1,1,loose / exposed
50,827,97.12923513134028,S1,1,loose / exposed
50,828,101.8467935402589,S1,1,loose / exposed
50,829,87.86491379994897,S1,1,loose / exposed
50,830,84.82701521813136,S1,1,loose / exposed
50,831,120.55376828360372,S1,1,loose / exposed
50,832,86.91415576262858,S1,1,loose / exposed
50,833,110.66033930342327,S1,1,loose / exposed
50,834,100.4147544406064,S1,1,loose / exposed
50,835,102.27489600200987,S1,1,loose / exposed
50,836,92.4093427853381,S1,1,loose / exposed
50,837,93.18583266962484,S1,1,loose / exposed
50,838,96.04297644195745,S1,1,loose / exposed
50,839,110.98393388766509,S1,1,loose / exposed
50,840,92.41808924224199,S1,1,loose / exposed
50,841,99.79737176800869,S1,1,loose / exposed
50,842,88.30322595230899,S1,1,loose / exposed
50,843,102.2910326212494,S1,1,loose / exposed
50,844,107.70047369027237,S1,1,loose / exposed
50,845,75.07444470829675,S1,1,loose / exposed
50,846,90.44622336079996,S1,1,loose / exposed
50,847,96.13454868603583,S1,1,loose / exposed
50,848,124.75704692694843,S1,1,loose / exposed
50,849,113.0855366124799,S1,1,loose / exposed
50,850,85.93852051712723,S1,1,loose / exposed
50,851,98.55274991720555,S1,1,loose / exposed
50,852,95.75326455935843,S1,1,loose / exposed
50,853,78.05379652299955,S1,1,loose / exposed
50,854,84.91717851209873,S1,1,loose / exposed
50,855,120.5387058550277,S1,1,loose / exposed
50,856,93.68057749932123,S1,1,loose / exposed
50,857,95.01043934108932,S1,1,loose / exposed
50,858,89.57850340483628,S1,1,loose / exposed
50,859,117.606987863446,S1,1,loose / exposed
50,860,106.19698030340093,S1,1,loose / exposed
50,861,107.9793375538849,S1,1,loose / exposed
50,862,122.21225457664993,S1,1,loose / exposed
50,863,87.70866435241909,S1,1,loose / exposed
50,864,96.71917687139069,S1,1,loose / exposed
50,865,92.1396129803242,S1,1,loose / exposed
50,866,102.27023725483906,S1,1,loose / exposed
50,867,100.66107537129656,S1,1,loose / exposed
50,868,88.81290513760973,S1,1,loose / exposed
50,869,73.90521268489869,S1,1,loose / exposed
50,870,116.73931243940011,S1,1,loose / exposed
50,871,102.21911712942915,S1,1,loose / exposed
50,872,102.6711602924868,S1,1,loose / exposed
50,873,102.05061747845131,S1,1,loose / exposed
50,874,112.10499618280664,S1,1,loose / exposed
50,875,101.46979495534417,S1,1,loose / exposed
50,876,106.89582021440404,S1,1,loose / exposed
50,877,82.37492515547541,S1,1,loose / exposed
50,878,99.37653873488371,S1,1,loose / exposed
50,879,93.39406807263539,S1,1,loose / exposed
50,880,116.97762554779746,S1,1,loose / exposed
50,881,97.23239677228544,S1,1,loose / exposed
50,882,113.95688126643569,S1,1,loose / exposed
50,883,105.44520021355062,S1,1,loose / exposed
50,884,104.80127401198942,S1,1,loose / exposed
50,885,111.19743662020164,S1,1,loose / exposed
50,886,120.03196810270524,S1,1,loose / exposed
50,887,93.4210087792002,S1,1,loose / exposed
50,888,106.14503844775108,S1,1,loose / exposed
50,889,101.06302625600357,S1,1,loose / exposed
50,890,97.12888082504051,S1,1,loose / exposed
50,891,79.48936180447814,S1,1,loose / exposed
50,892,106.83119670057968,S1,1,loose / exposed
50,893,105.63697990003776,S1,1,loose / exposed
50,894,99.02555064089188,S1,1,loose / exposed
50,895,101.50953097526477,S1,1,loose / exposed
50,896,105.677225994601,S1,1,loose / exposed
50,897,106.93600430624558,S1,1,loose / exposed
50,898,110.82364076085507,S1,1,loose / exposed
50,899,117.71510061158396,S1,1,loose / exposed
50,900,100.97118625024603,S1,1,loose / exposed
50,901,123.10665951712514,S1,1,loose / exposed
50,902,93.27260149520092,S1,1,loose / exposed
50,903,110.2148262159772,S1,1,loose / exposed
50,904,104.02994775089498,S1,1,loose / exposed
50,905,110.04258524548445,S1,1,loose / exposed
50,906,91.5996592318191,S1,1,loose / exposed
50,907,115.27109437513091,S1,1,loose / exposed
50,908,123.09708124341259,S1,3,Lys face
50,909,106.65382936304132,S1,3,Lys face
50,910,95.38332619665108,S1,3,Lys face
50,911,102.6121938882325,S1,1,loose / exposed
50,912,126.74159368062946,S1,1,loose / exposed
50,913,77.83861686160496,S1,1,loose / exposed
50,914,101.30401011726092,S1,1,loose / exposed
50,915,112.35760806299534,S1,1,loose / exposed
50,916,72.6393169681232,S1,1,loose / exposed
50,917,164.8176827563533,other,1,loose / exposed
50,918,111.89404707885632,S1,3,Lys face
50,919,68.09900352900391,S1,1,loose / exposed
50,920,81.08834762799258,S1,3,Lys face
50,921,78.27934643072048,S1,1,loose / exposed
50,922,100.37946750576313,S1,1,loose / exposed
50,923,79.8984589289664,S1,3,Lys face
50,924,81.7759975566576,S1,1,loose / exposed
50,925,85.52861933272715,S1,3,Lys face
50,926,99.04932114879685,S1,3,Lys face
50,927,86.90846649370253,S1,1,loose / exposed
50,928,101.96097855947258,S1,3,Lys face
50,929,117.80061332339301,S1,3,Lys face
50,930,103.5528932660109,S1,1,loose / exposed
50,931,132.7975474028023,S1,1,loose / exposed
50,932,114.45461855386966,S1,1,loose / exposed
50,933,153.41033080863014,other,1,loose / exposed
50,934,111.77584467073035,S1,3,Lys face
50,935,113.20055014418186,S1,1,loose / exposed
50,936,125.12327393917093,S1,1,loose / exposed
50,937,120.04186033969303,S1,1,loose / exposed
50,938,156.55548394669182,other,1,loose / exposed
50,939,106.18176412987857,S1,3,Lys face
50,940,99.10343880168993,S1,1,loose / exposed
50,941,101.86256858991365,S1,3,Lys face
50,942,109.78946314585704,S1,3,Lys face
50,943,95.91931370811014,S1,1,loose / exposed
50,944,85.89763090738359,S1,1,loose / exposed
50,945,92.85527041195617,S1,1,loose / exposed
50,946,109.85428120734525,S1,1,loose / exposed
50,947,76.82001390160993,S1,1,loose / exposed
50,948,87.40646179303937,S1,3,Lys face
50,949,96.82405896679052,S1,1,loose / exposed
50,950,105.72489924165599,S1,1,loose / exposed
50,951,120.92321814748735,S1,3,Lys face
50,952,129.69069157539732,S1,1,loose / exposed
50,953,99.48776304153964,S1,3,Lys face
50,954,87.48979623688675,S1,1,loose / exposed
50,955,129.72115587057002,S1,1,loose / exposed
50,956,128.96378114392613,S1,1,loose / exposed
50,957,117.06289766713158,S1,1,loose / exposed
50,958,74.39187223316391,S1,3,Lys face
50,959,98.14526014751486,S1,1,loose / exposed
50,960,88.5417943404704,S1,1,loose / exposed
50,961,100.21256949728912,S1,1,loose / exposed
50,962,101.53302737084124,S1,1,loose / exposed
50,963,90.3218234348004,S1,1,loose / exposed
50,964,104.5601430132201,S1,1,loose / exposed
50,965,117.90799357179462,S1,1,loose / exposed
50,966,105.98143475199113,S1,1,loose / exposed
50,967,96.80769519536965,S1,1,loose / exposed
50,968,104.57849163642989,S1,1,loose / exposed
50,969,101.98450526826306,S1,1,loose / exposed
50,970,106.45079791546434,S1,1,loose / exposed
50,971,104.77650497169105,S1,1,loose / exposed
50,972,115.0567689632852,S1,1,loose / exposed
50,973,101.44768164524082,S1,3,Lys face
50,974,105.74894423253382,S1,3,Lys face
50,975,91.23944252530646,S1,1,loose / exposed
50,976,97.74352308180576,S1,1,loose / exposed
50,977,94.59830767858384,S1,1,loose / exposed
50,978,116.14203953331912,S1,1,loose / exposed
50,979,141.18066772048067,S1,1,loose / exposed
50,980,113.61185397462854,S1,1,loose / exposed
50,981,111.57813783306642,S1,3,Lys face
50,982,125.56130212321622,S1,1,loose / exposed
50,983,118.71914253181278,S1,1,loose / exposed
50,984,113.70606982147451,S1,1,loose / exposed
50,985,104.18953628632282,S1,1,loose / exposed
50,986,123.0148444983044,S1,1,loose / exposed
50,987,115.64542308519698,S1,3,Lys face
50,988,125.42387827850717,S1,3,Lys face
50,989,141.94937311722606,S1,1,loose / exposed
50,990,141.1964099043339,S1,1,loose / exposed
50,991,142.6129022919904,S1,1,loose / exposed
50,992,135.34099001494297,S1,1,loose / exposed
50,993,143.8529874400419,S1,1,loose / exposed
50,994,124.06309210426895,S1,3,Lys face
50,995,119.6517490631326,S1,1,loose / exposed
50,996,80.03894713770094,S1,1,loose / exposed
50,997,122.64561818408308,S1,1,loose / exposed
50,998,118.01261665878015,S1,1,loose / exposed
50,999,118.04940961622745,S1,1,loose / exposed
50,1000,102.9522267123721,S1,1,loose / exposed
